"proteinID"	"species"	"A1"	"A2"	"A3"	"B1"	"B2"	"B3"
"1/sp|C8Z792|AIM9_YEAS8"	"YEAST"	740.703285	787.4803871	761.4737952	381.3631796	395.2296182	377.5247303
"1/sp|C8ZAF8|UTP25_YEAS8"	"YEAST"	120.207565383333	235.979178663333	221.75265497	264.50952208	272.434003625	280.05448743
"1/sp|O00422|SAP18_HUMAN"	"HUMAN"	653.724633633333	668.973966633333	647.609100566667	732.3127891	710.435829433333	777.9713378
"1/sp|O14745|NHRF1_HUMAN"	"HUMAN"	1265.6713979	1235.86679316667	1218.45548363333	1296.8977491	1250.6505375	1266.57449423333
"1/sp|O15143|ARC1B_HUMAN"	"HUMAN"	597.395856133333	584.094433733333	642.880280133333	722.885597933333	661.746023133333	759.688272666667
"1/sp|O15145|ARPC3_HUMAN"	"HUMAN"	1215.0440814	1250.97426296667	1270.70678096667	1233.73673053333	1228.82133963333	1273.19660793333
"1/sp|O43324|MCA3_HUMAN"	"HUMAN"	443.135648633333	453.3629764	457.076534466667	436.6239374	464.5241604	509.535848766667
"1/sp|O60568|PLOD3_HUMAN"	"HUMAN"	1386.802653	1419.87476393333	1475.04429133333	1484.011244	1457.86670566667	1409.27941433333
"1/sp|O60610|DIAP1_HUMAN"	"HUMAN"	550.618548166667	514.378144733333	505.9392563	491.594935366667	481.919141	427.610733966667
"1/sp|O60884|DNJA2_HUMAN"	"HUMAN"	218.899269133333	226.0604352	241.748322466667	243.934777633333	254.490162433333	248.134178066667
"1/sp|O75521|ECI2_HUMAN"	"HUMAN"	316.163009633333	312.372630133333	317.0779404	331.205556	316.048841933333	284.0342943
"1/sp|O75531|BAF_HUMAN"	"HUMAN"	2181.11221756667	2367.04378143333	2235.5513589	2522.87441536667	2261.1482184	2338.2987604
"1/sp|O75569|PRKRA_HUMAN"	"HUMAN"	164.2944487	179.5670201	180.9859084	157.06636705	174.84427875	195.96616845
"1/sp|O75937|DNJC8_HUMAN"	"HUMAN"	1183.59166296667	1150.95153473333	1125.95669786667	1268.51296756667	1243.84240373333	1214.5311927
"1/sp|O76021|RL1D1_HUMAN"	"HUMAN"	1527.89049814333	1440.4809129	1501.24966463333	1513.99982033333	1443.06127916667	1489.3475701
"1/sp|O95816|BAG2_HUMAN"	"HUMAN"	690.294097233333	650.7217518	622.842031066667	637.7668735	668.0445567	670.6279273
"1/sp|P00561|AK1H_ECOLI"	"ECOLI"	120.740314566667	124.39236676	137.871964866667	481.260927	448.330453366667	498.716388966667
"1/sp|P00579|RPOD_ECOLI"	"ECOLI"	265.971081173333	435.648963116667	335.379120996667	1152.10732186667	1277.4443302	1300.84410923333
"1/sp|P00934|THRC_ECOLI"	"ECOLI"	104.26375812	122.836771656667	102.111175753333	456.373696466667	420.609291866667	441.999169166667
"1/sp|P00946|MANA_ECOLI"	"ECOLI"	104.462753416667	110.59030499	104.471030066667	610.909959233333	576.1543342	570.884574733333
"1/sp|P00960|SYGA_ECOLI"	"ECOLI"	248.395756866667	298.534669833333	276.755344133333	1065.14879083333	1032.3433717	1087.9525765
"1/sp|P04075|ALDOA_HUMAN"	"HUMAN"	14263.1120033333	14866.59009	14442.5412833333	15026.16842	14900.3006066667	14530.2723266667
"1/sp|P04693|TYRB_ECOLI"	"ECOLI"	16.20770353	NA	NA	105.5556903	119.730628723333	99.61204933
"1/sp|P04843|RPN1_HUMAN"	"HUMAN"	4331.37973933333	4567.67002333333	4522.781288	4477.95569033333	4230.31768066667	4397.18208866667
"1/sp|P04951|KDSB_ECOLI"	"ECOLI"	74.01772428	70.6436422233333	62.08773774	352.544531633333	337.903234866667	366.311757966667
"1/sp|P05023|AT1A1_HUMAN"	"HUMAN"	2053.08184733333	2074.751459	1983.306357	2132.72295366667	2084.352001	2150.003043
"1/sp|P06710|DPO3X_ECOLI"	"ECOLI"	NA	NA	NA	109.945823763333	44.351428405	69.1105825566667
"1/sp|P06730|IF4E_HUMAN"	"HUMAN"	540.765837733333	700.93187855	554.808724066667	543.016160466667	573.619234133333	586.473586166667
"1/sp|P06744|G6PI_HUMAN"	"HUMAN"	7987.32585033333	8393.87556633333	7994.68368266667	8104.05614833333	8365.19568666667	8036.86187496667
"1/sp|P06968|DUT_ECOLI"	"ECOLI"	NA	NA	NA	230.94222085	212.47211095	241.88475935
"1/sp|P06987|HIS7_ECOLI"	"ECOLI"	52.81219789	50.935381575	NA	164.789364826667	384.0128494	341.5440686
"1/sp|P06999|K6PF2_ECOLI"	"ECOLI"	425.195772583333	385.343363766667	352.503142866667	1415.2652317	1328.37979906667	1438.8832941
"1/sp|P07384|CAN1_HUMAN"	"HUMAN"	631.9033694	621.0909443	616.322536133333	610.7628146	602.9090119	625.704487066667
"1/sp|P07437|TBB5_HUMAN"	"HUMAN"	20829.1507823333	21215.7276783333	20734.102532	20006.6594633333	19447.8444533333	19497.5121676667
"1/sp|P07737|PROF1_HUMAN"	"HUMAN"	18763.4074206667	19173.8940446	19038.297598	18621.0128332333	18629.9496887	18172.5403385667
"1/sp|P07910|HNRPC_HUMAN"	"HUMAN"	19938.833367	20417.6395233333	19629.7428946667	22136.519883	21688.8723196667	21873.3729213333
"1/sp|P07954|FUMH_HUMAN"	"HUMAN"	1964.33750896667	2051.9288577	2027.59502496667	1931.94714553333	1952.9421216	1960.76190356667
"1/sp|P08729|K2C7_HUMAN"	"HUMAN"	9029.00411466667	9321.509121	8907.191901	9122.31451366667	9094.20198266667	9161.45618033333
"1/sp|P09169|OMPT_ECOLI"	"ECOLI"	878.769512033333	868.256706733333	898.286709333333	3432.371304	3406.25431	3422.27439966667
"1/sp|P09372|GRPE_ECOLI"	"ECOLI"	1149.24659713333	1155.7741698	1095.15190086667	3811.56693433333	3751.33394233333	3800.35925233333
"1/sp|P09373|PFLB_ECOLI"	"ECOLI"	6142.637774	6071.90803433333	5878.90666266667	27588.3896433333	26602.7761333333	27074.4919766667
"1/sp|P0A6F9|CH10_ECOLI"	"ECOLI"	3545.75489166667	3645.99080633333	3446.43009733333	14910.3840566667	15083.2746466667	14852.08791
"1/sp|P0A6I0|KCY_ECOLI"	"ECOLI"	108.957720953333	88.8807059233333	111.534435333333	437.7043331	394.958055566667	407.6055878
"1/sp|P0A6K6|DEOB_ECOLI"	"ECOLI"	1381.00808543333	1369.72257806667	1346.3968984	5533.656696	5773.576774	5884.21901
"1/sp|P0A729|YCEF_ECOLI"	"ECOLI"	167.01692155	148.7972434	136.0883768	568.517713133333	487.557432466667	521.7265122
"1/sp|P0A799|PGK_ECOLI"	"ECOLI"	24015.7995266667	24421.87626	24398.5524066667	102557.56068	100341.223256667	103563.03909
"1/sp|P0A7A7|PLSB_ECOLI"	"ECOLI"	59.0195487233333	69.1600661966667	90.1954114666667	351.2219808	697.812528466667	614.815700266667
"1/sp|P0A7B5|PROB_ECOLI"	"ECOLI"	NA	NA	NA	186.933866066667	209.8163747	172.541706866667
"1/sp|P0A7I4|RF3_ECOLI"	"ECOLI"	99.56407101	81.60438871	74.6038796366667	273.790039166667	349.230168833333	327.358941133333
"1/sp|P0A7N9|RL33_ECOLI"	"ECOLI"	NA	NA	NA	4463.062612	4341.620051	4242.8529755
"1/sp|P0A7W7|RS8_ECOLI"	"ECOLI"	1966.30388333333	1880.58718666667	1939.264289	8315.15204866667	8533.82125966667	8331.93853966667
"1/sp|P0A7X6|RIMM_ECOLI"	"ECOLI"	NA	NA	NA	267.65747221	271.647658503333	261.019029066667
"1/sp|P0A7Z4|RPOA_ECOLI"	"ECOLI"	1515.1818918	1574.66056276667	1563.025822	6468.147863	6307.8688209	6297.54759066667
"1/sp|P0A800|RPOZ_ECOLI"	"ECOLI"	115.76238387	110.923346993333	102.60692206	401.1806073	381.104870233333	385.356532633333
"1/sp|P0A805|RRF_ECOLI"	"ECOLI"	518.264278033333	523.162057266667	545.280893933333	1871.345629	1815.76370866667	1881.891887
"1/sp|P0A8F4|URK_ECOLI"	"ECOLI"	NA	NA	NA	139.463402085	163.597520605	158.616709085
"1/sp|P0A8G6|NQOR_ECOLI"	"ECOLI"	1743.10372877	1992.10043263333	1608.2649073	8278.89754946667	8172.10995243333	7376.95525686667
"1/sp|P0A8W5|YQGE_ECOLI"	"ECOLI"	NA	NA	32.19856654	126.609366463333	101.629353763333	119.90948774
"1/sp|P0A8X0|YJGA_ECOLI"	"ECOLI"	449.379025	434.694041143333	94.5940522566667	851.7714119	758.069163	770.359118266667
"1/sp|P0A927|TSX_ECOLI"	"ECOLI"	174.122662596667	161.606585326667	177.641910783333	675.7942008	567.758097666667	588.724686533333
"1/sp|P0A940|BAMA_ECOLI"	"ECOLI"	303.7876713	240.9329974	262.9955689	876.063623133333	895.3481554	909.3729592
"1/sp|P0A998|FTNA_ECOLI"	"ECOLI"	584.48172746	414.931731393333	363.174219156667	1522.80872187	1456.79243319667	1515.98709493333
"1/sp|P0A9D2|GSTA_ECOLI"	"ECOLI"	301.7516045	229.957808166667	273.413171733333	973.853412133333	929.008035266667	914.0440604
"1/sp|P0A9W9|YRDA_ECOLI"	"ECOLI"	NA	NA	NA	124.36052428	130.845322503333	154.805762966667
"1/sp|P0AA25|THIO_ECOLI"	"ECOLI"	1114.1433285	1171.09615806667	1089.50995223333	4569.23405253333	4067.81573526667	3901.6800804
"1/sp|P0AAA1|YAGU_ECOLI"	"ECOLI"	159.11044676	143.68113037	158.98791281	531.668099333333	483.704629333333	561.018845833333
"1/sp|P0AAI5|FABF_ECOLI"	"ECOLI"	288.764817433333	276.1915521	307.579310833333	1099.5560022	1030.22093093333	1076.98095796667
"1/sp|P0AAJ8|HYBA_ECOLI"	"ECOLI"	NA	NA	NA	60.255980375	63.12672351	54.8169310166667
"1/sp|P0AB80|ILVE_ECOLI"	"ECOLI"	105.582453253333	96.79576679	107.597942356667	453.533762966667	412.426801933333	404.061076433333
"1/sp|P0ABJ9|CYDA_ECOLI"	"ECOLI"	2157.07019933333	2241.65820133333	2027.65598833333	9370.37658233333	9314.348499	9196.62136466667
"1/sp|P0ACA3|SSPA_ECOLI"	"ECOLI"	400.3385146	436.586482333333	393.1819785	1480.10562033333	1574.15047333333	1564.73513533333
"1/sp|P0ACA7|GSTB_ECOLI"	"ECOLI"	129.153563566667	136.3158877	NA	486.2160196	488.622029866667	511.1887102
"1/sp|P0ACX3|YDHR_ECOLI"	"ECOLI"	154.252992886667	136.338879253333	141.57426773	607.025127033333	585.500079633333	571.5351836
"1/sp|P0AD05|YECA_ECOLI"	"ECOLI"	NA	NA	NA	288.741330633333	286.021862503333	320.64004253
"1/sp|P0AD57|ISPB_ECOLI"	"ECOLI"	60.6057748533333	59.134696365	72.35359476	139.9329317	135.750684933333	143.441783733333
"1/sp|P0ADE8|YGFZ_ECOLI"	"ECOLI"	388.496958033333	351.3739385	401.5753386	1528.60687566667	1416.45097263333	1451.77586033333
"1/sp|P0ADG4|SUHB_ECOLI"	"ECOLI"	59.35557991	63.2174641866667	251.566644346667	261.863753533333	335.903610506667	422.86338
"1/sp|P0ADK8|YIBL_ECOLI"	"ECOLI"	NA	NA	NA	169.471167566667	176.312255766667	218.6030875
"1/sp|P0ADR6|RLMM_ECOLI"	"ECOLI"	NA	NA	NA	NA	88.138237675	96.103580345
"1/sp|P0ADU5|YGIW_ECOLI"	"ECOLI"	1468.15119583333	1416.64343906667	1419.6938856	6051.00535	6015.31775566667	5698.38967866667
"1/sp|P0AE82|CPXA_ECOLI"	"ECOLI"	98.17316248	111.201054875	147.5754596	447.505670966667	479.351324586667	580.619203666667
"1/sp|P0AED0|USPA_ECOLI"	"ECOLI"	1410.6110797	982.7954604	913.810419146667	4597.57064963333	4636.74480466667	4561.48439613333
"1/sp|P0AEK2|FABG_ECOLI"	"ECOLI"	612.1011206	713.8295715	706.829040166667	2748.58767	2719.29039333333	2672.44267133333
"1/sp|P0AET2|HDEB_ECOLI"	"ECOLI"	290.343656703333	256.0531472	270.512091983333	1067.9852969	1065.507931	1067.54485086667
"1/sp|P0AEZ3|MIND_ECOLI"	"ECOLI"	347.709060166667	317.5557941	335.130833633333	1118.2998579	1165.02283016667	1113.17919496667
"1/sp|P0AF03|MOG_ECOLI"	"ECOLI"	71.9986251266667	84.29911247	103.102959255	370.327604833333	371.300488333333	367.132631733333
"1/sp|P0AF28|NARL_ECOLI"	"ECOLI"	73.3481788	155.230107543333	85.138728715	407.228494233333	400.013188033333	403.4890214
"1/sp|P0AFC3|NUOA_ECOLI"	"ECOLI"	96.625411395	114.619370565	130.438584165	315.0305732	391.72462005	386.5066532
"1/sp|P0AG27|YIBN_ECOLI"	"ECOLI"	216.59221825	200.110077	225.7024893	896.076215933333	885.289191333333	862.0906063
"1/sp|P0AGE9|SUCD_ECOLI"	"ECOLI"	606.321518466667	612.7501435	644.186394166667	2514.24012	2566.016786	2568.408585
"1/sp|P0AGJ9|SYY_ECOLI"	"ECOLI"	331.525537233333	411.9398308	376.211370133333	991.798418566667	1010.67714536667	1003.08835863333
"1/sp|P10809|CH60_HUMAN"	"HUMAN"	37657.9665233333	37903.4284	36168.1155633333	39624.1336166667	37849.8904633333	37313.93174
"1/sp|P11047|LAMC1_HUMAN"	"HUMAN"	162.133256553333	132.632618185	NA	188.636864633333	166.9176808	NA
"1/sp|P11310|ACADM_HUMAN"	"HUMAN"	1331.51357866667	1273.77961833333	1357.11881933333	1301.94966366667	1291.97262066667	1319.77533066667
"1/sp|P12268|IMDH2_HUMAN"	"HUMAN"	3860.1381765	3797.78560983333	3598.007098	4093.67593566667	3933.04343476667	3949.03128763333
"1/sp|P13010|XRCC5_HUMAN"	"HUMAN"	6767.34190533333	6772.58882566667	6995.03599	7128.39843933333	7433.020241	7175.93374266667
"1/sp|P13489|RINI_HUMAN"	"HUMAN"	1358.012429	1336.66950766667	1325.30536846667	1267.84709413333	1355.7003826	1265.05109663333
"1/sp|P13639|EF2_HUMAN"	"HUMAN"	12581.1530966667	13286.1548033333	13170.2846566667	12933.89126	13367.6878333333	13247.7163866667
"1/sp|P13693|TCTP_HUMAN"	"HUMAN"	1359.9790988	1355.1350943	1360.64603236667	1335.11574046667	1291.24718803333	1300.7872707
"1/sp|P14314|GLU2B_HUMAN"	"HUMAN"	3859.30435833333	4050.672002	3736.48035433333	3770.74451466667	3572.647931	3608.87789633333
"1/sp|P14900|MURD_ECOLI"	"ECOLI"	48.06400507	NA	NA	210.762533866667	202.9655375	203.3999589
"1/sp|P15288|PEPD_ECOLI"	"ECOLI"	615.066288866667	632.875896633333	621.7406618	2596.86735066667	2594.887851	2409.44884933333
"1/sp|P16095|SDHL_ECOLI"	"ECOLI"	88.39423271	79.2386189933333	71.29363238	313.539302433333	305.350675733333	312.9549582
"1/sp|P16659|SYP_ECOLI"	"ECOLI"	243.981590833333	858.150355036667	673.640141033333	822.647570133333	848.564020666667	835.958630733333
"1/sp|P17117|NFSA_ECOLI"	"ECOLI"	72.7776641933333	NA	NA	204.590951333333	216.296632533333	227.67062099
"1/sp|P17169|GLMS_ECOLI"	"ECOLI"	473.6208023	492.961860466667	452.808841633333	1464.67850603333	1358.55879426667	1385.077218
"1/sp|P17174|AATC_HUMAN"	"HUMAN"	816.639649166667	771.256967666667	791.644970833333	1150.47546056667	1155.4576991	1100.28954706667
"1/sp|P17812|PYRG1_HUMAN"	"HUMAN"	673.079359933333	609.121161233333	628.166581633333	620.880316566667	629.8045454	666.4478582
"1/sp|P18621|RL17_HUMAN"	"HUMAN"	4067.45558066667	4239.83811133333	4050.17774766667	4171.27943933333	4009.742891	4255.11469833333
"1/sp|P20020|AT2B1_HUMAN"	"HUMAN"	135.12070413	NA	107.625560035	114.540872835	134.84909505	142.333511855
"1/sp|P20674|COX5A_HUMAN"	"HUMAN"	1454.11870586667	1379.77860126667	1410.7761994	1584.0617582	1480.21710496667	1426.578486
"1/sp|P21266|GSTM3_HUMAN"	"HUMAN"	2502.73348146667	2598.2995934	2539.69051133333	2631.38325583333	2567.1521702	2593.12904296667
"1/sp|P21499|RNR_ECOLI"	"ECOLI"	134.504249786667	124.71039135	177.30476614	483.147462666667	729.402763933333	753.3835505
"1/sp|P21796|VDAC1_HUMAN"	"HUMAN"	7563.66539233333	7540.73758843333	7482.2705736	7708.52769633333	7769.67488016667	7604.720359
"1/sp|P21926|CD9_HUMAN"	"HUMAN"	416.476542266667	467.947986633333	433.320103266667	344.899404033333	396.915952166667	401.9803301
"1/sp|P22939|ISPA_ECOLI"	"ECOLI"	NA	NA	NA	135.7267449	163.6421357	154.39440165
"1/sp|P23721|SERC_ECOLI"	"ECOLI"	214.5624814	183.011262466667	209.1677986	731.4660814	728.804194266667	725.018443066667
"1/sp|P23830|PSS_ECOLI"	"ECOLI"	253.520895253333	44.15541916	246.301327153333	240.726875733333	213.320433866667	219.5676622
"1/sp|P24178|YFFB_ECOLI"	"ECOLI"	NA	NA	NA	60.16305715	NA	55.008424945
"1/sp|P24252|YBGA_ECOLI"	"ECOLI"	296.92912046	NA	NA	82.296716455	NA	72.976819085
"1/sp|P24752|THIL_HUMAN"	"HUMAN"	2574.919361	2588.5317768	2468.64029833333	2145.50656333333	2187.9115438	2142.2048167
"1/sp|P25522|MNME_ECOLI"	"ECOLI"	NA	NA	40.396737515	141.208379666667	152.4687534	164.656647266667
"1/sp|P25685|DNJB1_HUMAN"	"HUMAN"	1093.54580043333	1085.5364456	1039.55262526667	1092.28679293333	1022.52207663333	991.516975866667
"1/sp|P26006|ITA3_HUMAN"	"HUMAN"	1240.03279773333	1244.00428463333	1252.9769983	1266.79261383333	1303.55758633333	1318.65942563333
"1/sp|P26368|U2AF2_HUMAN"	"HUMAN"	1620.20915633333	1670.61424	1619.65529633333	1837.769448	1849.09311033333	1771.48689633333
"1/sp|P26459|APPC_ECOLI"	"ECOLI"	NA	192.83571975	151.343517035	286.838080466667	312.128392666667	289.101908233333
"1/sp|P27105|STOM_HUMAN"	"HUMAN"	747.670735633333	792.280814633333	779.996730966667	702.554489066667	638.2180127	733.519403133333
"1/sp|P28070|PSB4_HUMAN"	"HUMAN"	1337.00330366667	1328.27530623333	1354.7450465	1385.3604606	1313.17606763333	1273.11447793333
"1/sp|P28288|ABCD3_HUMAN"	"HUMAN"	533.241698333333	476.001550966667	522.833463866667	483.1646985	441.5057178	479.450997333333
"1/sp|P28838|AMPL_HUMAN"	"HUMAN"	547.5682732	541.2301806	559.179600133333	485.768652866667	532.899348433333	558.4882254
"1/sp|P29012|ALR2_ECOLI"	"ECOLI"	NA	NA	44.09511844	252.6912636	252.133959533333	245.271539533333
"1/sp|P29218|IMPA1_HUMAN"	"HUMAN"	398.22433755	407.0033704	402.92442275	334.23659115	401.19804355	379.46296255
"1/sp|P30041|PRDX6_HUMAN"	"HUMAN"	10123.7469003333	10337.902959	10110.240418	10792.461119	10470.2296313333	10445.142735
"1/sp|P30048|PRDX3_HUMAN"	"HUMAN"	5688.12913933333	5923.41387566667	5951.49184633333	6115.13489	6066.59051466667	6073.041949
"1/sp|P30138|THIF_ECOLI"	"ECOLI"	NA	NA	NA	59.67814935	70.45477544	59.16474248
"1/sp|P30153|2AAA_HUMAN"	"HUMAN"	1711.62151666667	1726.99606933333	1663.76454	1670.798075	1650.299293	1601.907977
"1/sp|P31063|YEDD_ECOLI"	"ECOLI"	73.579193365	86.2694154	116.91913698	235.319674263333	231.431505246667	255.888544793333
"1/sp|P31150|GDIA_HUMAN"	"HUMAN"	555.713020266667	562.7456266	554.2492379	576.6791757	555.274383433333	574.971322966667
"1/sp|P31433|YICH_ECOLI"	"ECOLI"	NA	NA	38.1236834733333	147.479325366667	135.9735236	129.998602733333
"1/sp|P31930|QCR1_HUMAN"	"HUMAN"	2319.23805233333	2312.777439	2248.695885	2229.251373	2275.63278033333	2452.35371533333
"1/sp|P32322|P5CR1_HUMAN"	"HUMAN"	649.172082466667	602.1381035	670.028679766667	658.5427501	688.047504466667	671.557236933333
"1/sp|P36776|LONM_HUMAN"	"HUMAN"	1088.17387403333	1086.54656396667	1150.91009493333	1355.38276746667	1390.51641833333	1428.465257
"1/sp|P37759|RMLB1_ECOLI"	"ECOLI"	50.19227653	43.43831277	41.56210937	229.590595933333	208.408547366667	227.076979966667
"1/sp|P37837|TALDO_HUMAN"	"HUMAN"	2757.37705433333	2931.982213	2762.62489733333	2938.71517766667	2923.684676	2890.43200166667
"1/sp|P37902|GLTI_ECOLI"	"ECOLI"	1819.85110176667	1893.571897	1809.74004856667	7345.25062066667	7452.06509166667	7192.95263466667
"1/sp|P39019|RS19_HUMAN"	"HUMAN"	4694.92894433333	4706.73213133333	4512.47743633333	4911.840247	4685.999429	4958.05685
"1/sp|P40227|TCPZ_HUMAN"	"HUMAN"	3510.47077933333	3550.72520966667	3480.79647033333	3534.010665	3371.372713	3445.77078233333
"1/sp|P42330|AK1C3_HUMAN"	"HUMAN"	1466.44093836667	1576.02902643333	1596.5191488	1740.76267613333	1583.54210003333	1647.2708569
"1/sp|P42641|OBG_ECOLI"	"ECOLI"	48.8890146	53.7178225233333	48.042592375	192.98125306	170.872623283333	163.42575614
"1/sp|P45877|PPIC_HUMAN"	"HUMAN"	341.45512775	300.93696585	349.38431085	393.21677795	370.5238574	331.63447065
"1/sp|P45974|UBP5_HUMAN"	"HUMAN"	1133.79109276667	1190.6337055	1164.11279016667	1193.1636536	1226.66354206667	1192.6137404
"1/sp|P46837|YHGF_ECOLI"	"ECOLI"	NA	16.201312675	54.95130982	145.475075333333	272.573602233333	196.4870808
"1/sp|P46926|GNPI1_HUMAN"	"HUMAN"	527.91172	516.1834942	502.183735666667	532.923533033333	538.317626266667	528.845727333333
"1/sp|P49458|SRP09_HUMAN"	"HUMAN"	2455.250316	2653.867906	2443.962047	2522.994918	2576.470789	2518.6263515
"1/sp|P49589|SYCC_HUMAN"	"HUMAN"	616.024309233333	646.866224433333	683.590180066667	693.5254875	713.292413166667	689.699683433333
"1/sp|P49721|PSB2_HUMAN"	"HUMAN"	2156.54724066667	2172.64480966667	2275.370118	2225.74083166667	2199.129649	2178.25991666667
"1/sp|P49736|MCM2_HUMAN"	"HUMAN"	2138.003205	2232.24096566667	2139.595801	2252.08860366667	2166.14090166667	2160.24055666667
"1/sp|P49755|TMEDA_HUMAN"	"HUMAN"	1263.5506908	1287.8499757	1298.156373	1263.45591453333	1333.37935443333	1339.26408466667
"1/sp|P49821|NDUV1_HUMAN"	"HUMAN"	333.3987858	360.8768638	372.6945751	364.8811967	381.549188266667	350.678937333333
"1/sp|P50395|GDIB_HUMAN"	"HUMAN"	1997.87320633333	1967.18852866667	2046.324078	2049.487077	2014.91010733333	1943.767388
"1/sp|P51570|GALK1_HUMAN"	"HUMAN"	277.69339825	323.60861105	331.07667225	353.73421865	306.89741665	334.68810175
"1/sp|P52007|YECM_ECOLI"	"ECOLI"	NA	NA	NA	53.51106701	55.02485296	54.53140381
"1/sp|P52108|RSTA_ECOLI"	"ECOLI"	NA	NA	NA	139.60204531	118.100373206667	140.08852419
"1/sp|P52647|NIFJ_ECOLI"	"ECOLI"	NA	131.69554442	111.465775565	244.5475371	308.637126466667	307.2603306
"1/sp|P53004|BIEA_HUMAN"	"HUMAN"	944.5885441	916.680950733333	885.7134982	921.0734621	934.340753333333	899.566702666667
"1/sp|P53597|SUCA_HUMAN"	"HUMAN"	1063.77671293333	1001.64783753333	1043.92933003333	1114.7945047	1117.16975	1135.1085803
"1/sp|P53985|MOT1_HUMAN"	"HUMAN"	205.90015081	138.704599106667	121.57384157	NA	166.565136963333	NA
"1/sp|P54920|SNAA_HUMAN"	"HUMAN"	668.208324533333	673.1292979	687.5308182	702.5423261	638.4811413	629.2208563
"1/sp|P55265|DSRAD_HUMAN"	"HUMAN"	798.1292256	808.820335166667	776.176165633333	770.048985066667	784.103911366667	766.970471033333
"1/sp|P55809|SCOT1_HUMAN"	"HUMAN"	2194.89372153333	2251.5001811	2261.91105926667	2104.61737933333	2198.26061166667	2233.02756366667
"1/sp|P56182|RRP1_HUMAN"	"HUMAN"	90.71773064	90.98221483	73.808566465	90.97940056	86.592633905	71.25067984
"1/sp|P59998|ARPC4_HUMAN"	"HUMAN"	1801.57092666667	1898.88747533333	1828.15341066667	1950.55280266667	1847.00816866667	1942.040539
"1/sp|P60390|RSMH_ECOLI"	"ECOLI"	NA	NA	NA	280.5935507	312.9116233	310.646252566667
"1/sp|P60468|SC61B_HUMAN"	"HUMAN"	996.1500349	947.0038367	913.218743466667	945.320650833333	1007.9755573	1026.94243563333
"1/sp|P60546|KGUA_ECOLI"	"ECOLI"	NA	41.688926765	NA	167.368815133333	199.928986533333	178.928990833333
"1/sp|P60560|GUAC_ECOLI"	"ECOLI"	94.3321939666667	90.656895285	129.34704891	250.8573917	274.6323023	261.395513966667
"1/sp|P60651|SPEB_ECOLI"	"ECOLI"	258.836528533333	270.4983795	274.876137666667	1148.71848566667	1201.37056233333	1147.93926833333
"1/sp|P60716|LIPA_ECOLI"	"ECOLI"	146.216960133333	119.259104476667	107.89395971	564.815438866667	458.8767563	510.329238133333
"1/sp|P60723|RL4_ECOLI"	"ECOLI"	2162.723587	2212.817862	2108.229714	8959.541104	8625.46498266667	8401.348062
"1/sp|P60785|LEPA_ECOLI"	"ECOLI"	187.86418114	167.12067835	134.464841313333	568.3768789	554.150354566667	571.4670453
"1/sp|P61175|RL22_ECOLI"	"ECOLI"	1425.18927833333	1473.961666	1494.5835864	5832.77379366667	6067.204405	5966.12640033333
"1/sp|P61978|HNRPK_HUMAN"	"HUMAN"	23160.5620133333	22719.5371833333	21393.8776633333	22250.3788633333	21359.5839933333	21402.9626066667
"1/sp|P62333|PRS10_HUMAN"	"HUMAN"	902.289854133333	971.032695266667	957.0340879	793.831368566667	872.6440262	834.101210066667
"1/sp|P62399|RL5_ECOLI"	"ECOLI"	1999.91481166667	1990.21222666667	1884.72986666667	8448.23362933333	8359.91537966667	8535.75807033333
"1/sp|P62826|RAN_HUMAN"	"HUMAN"	6121.73194433333	6529.03519033333	6294.43909033333	6487.91648766667	6330.34496133333	6316.24339366667
"1/sp|P62995|TRA2B_HUMAN"	"HUMAN"	1777.76527273333	1852.7062915	1769.42058006667	1715.55320196667	1728.51242063333	1843.86996093333
"1/sp|P63244|GBLP_HUMAN"	"HUMAN"	8399.34705133333	8857.378897	8422.872833	8783.832792	8733.638372	8477.664758
"1/sp|P64429|YPFJ_ECOLI"	"ECOLI"	NA	NA	NA	44.06209886	49.078326985	40.49253074
"1/sp|P64483|YEAK_ECOLI"	"ECOLI"	114.941103975	92.6283742066667	112.47327489	385.875656	389.730108533333	419.756557733333
"1/sp|P64557|YGFM_ECOLI"	"ECOLI"	NA	NA	NA	148.0105249	182.907924166667	206.552275
"1/sp|P64596|YRAP_ECOLI"	"ECOLI"	270.664270296667	314.877682555	320.267249533333	527.032853133333	559.8094495	605.3860265
"1/sp|P65807|YGEY_ECOLI"	"ECOLI"	173.215173733333	188.552483866667	197.779360233333	671.213190533333	646.757112696667	681.704531666667
"1/sp|P68206|YJBJ_ECOLI"	"ECOLI"	605.9072264	551.12156	578.610877733333	2406.54747133333	2336.420399	2326.79772033333
"1/sp|P68739|NFI_ECOLI"	"ECOLI"	NA	NA	NA	119.46837982	103.653536426667	129.675979466667
"1/sp|P75960|NPD_ECOLI"	"ECOLI"	NA	NA	NA	NA	86.36521165	99.8965705766667
"1/sp|P76004|YCGM_ECOLI"	"ECOLI"	45.1382451433333	NA	56.52927107	204.12877715	237.198983173333	197.58674129
"1/sp|P76290|CMOA_ECOLI"	"ECOLI"	NA	NA	NA	55.216912455	63.43370216	NA
"1/sp|P76536|YFEX_ECOLI"	"ECOLI"	NA	NA	38.334440725	184.184002266667	173.035727533333	205.437144066667
"1/sp|P77173|ZIPA_ECOLI"	"ECOLI"	NA	NA	NA	117.67866376	112.89740606	94.806096605
"1/sp|P77689|SUFD_ECOLI"	"ECOLI"	NA	NA	NA	133.398401676667	155.2646213	167.245071673333
"1/sp|P77739|YNIA_ECOLI"	"ECOLI"	104.04029089	89.1919486566667	92.75807459	374.473849933333	359.879407466667	367.831788033333
"1/sp|P77748|YDIJ_ECOLI"	"ECOLI"	NA	NA	NA	69.2355434766667	74.7476725066667	76.5483292733333
"1/sp|P82979|SARNP_HUMAN"	"HUMAN"	2126.88875266667	2204.01617466667	2092.10748733333	2168.34703266667	2062.80210066667	2134.075887
"1/sp|Q00325|MPCP_HUMAN"	"HUMAN"	7540.06035736667	7856.79231466667	7423.04854916667	8058.35524073333	8056.43900863333	7902.13949513333
"1/sp|Q00796|DHSO_HUMAN"	"HUMAN"	711.940222566667	701.741721866667	730.4944608	764.6679586	708.2261016	682.02957
"1/sp|Q02790|FKBP4_HUMAN"	"HUMAN"	2867.23259933333	2818.92673433333	2755.17060566667	3089.57505033333	2956.88025233333	2893.57878633333
"1/sp|Q02818|NUCB1_HUMAN"	"HUMAN"	486.075521366667	490.538581633333	465.843289733333	511.3549416	508.435522866667	498.6117492
"1/sp|Q04760|LGUL_HUMAN"	"HUMAN"	3527.1107607	3490.31974653333	3299.05527736667	3601.54987986667	3393.08665253333	3168.00144356667
"1/sp|Q04941|PLP2_HUMAN"	"HUMAN"	2229.99536385	2209.0206534	2234.9348236	2347.8143958	2236.3394927	2162.64934635
"1/sp|Q07021|C1QBP_HUMAN"	"HUMAN"	2183.65284733333	2099.64226733333	2004.97817466667	2250.54048233333	2139.999623	1990.09478
"1/sp|Q07812|BAX_HUMAN"	"HUMAN"	400.232753126667	439.409932783333	434.036898133333	416.008735	411.551417633333	420.301734766667
"1/sp|Q08499|PDE4D_HUMAN"	"HUMAN"	161.942131905	141.369343965	186.152056395	164.447552105	147.563078795	130.206861285
"1/sp|Q09666|AHNK_HUMAN"	"HUMAN"	6034.84077633333	6377.73054433333	6353.87481766667	6619.72960566667	6584.195165	5657.95059966667
"1/sp|Q10567|AP1B1_HUMAN"	"HUMAN"	344.639183066667	343.698693066667	355.331329166667	333.69180879	300.01925571	372.7370382
"1/sp|Q12849|GRSF1_HUMAN"	"HUMAN"	463.1404526	522.31718035	487.65693665	566.26080475	553.6176694	533.96523295
"1/sp|Q13162|PRDX4_HUMAN"	"HUMAN"	2829.220278	2775.40144833333	2717.61272766667	2860.463992	2886.28631533333	2916.94200433333
"1/sp|Q13217|DNJC3_HUMAN"	"HUMAN"	274.508582425	260.602926215	253.91257964	297.3535789	280.8415333	298.08717305
"1/sp|Q13283|G3BP1_HUMAN"	"HUMAN"	1934.358899	1941.44031466667	1942.690464	2149.50114466667	2247.543376	2050.40239366667
"1/sp|Q13442|HAP28_HUMAN"	"HUMAN"	1120.2358482	1104.6943955	1187.27015573333	1149.2299805	1229.19213186667	1191.81665366667
"1/sp|Q13492|PICAL_HUMAN"	"HUMAN"	415.155496966667	368.131673533333	382.120725233333	365.1503795	345.8367918	402.787118433333
"1/sp|Q13561|DCTN2_HUMAN"	"HUMAN"	921.495169166667	985.9847564	981.7836218	994.419899566667	941.293287033333	977.2277129
"1/sp|Q13724|MOGS_HUMAN"	"HUMAN"	274.478458566667	265.384143366667	250.151091133333	295.336445166667	306.582131466667	301.002853833333
"1/sp|Q14376|GALE_HUMAN"	"HUMAN"	294.364691233333	285.512430833333	296.148395633333	287.777220636667	312.595316186667	304.562448546667
"1/sp|Q14573|ITPR3_HUMAN"	"HUMAN"	270.804552366667	258.994570133333	273.7113016	281.9489112	316.608065233333	260.9612556
"1/sp|Q14697|GANAB_HUMAN"	"HUMAN"	8609.71351833333	8402.53056433333	8269.51429333333	8553.64381133333	8879.38020533333	8453.38490233333
"1/sp|Q14739|LBR_HUMAN"	"HUMAN"	877.8684221	826.9076658	900.591446233333	846.558510333333	885.345135666667	816.2890685
"1/sp|Q14C86|GAPD1_HUMAN"	"HUMAN"	574.504960966667	481.653880633333	550.525992833333	683.796171	677.1900663	623.0392965
"1/sp|Q15717|ELAV1_HUMAN"	"HUMAN"	2415.005163	2496.762864	2450.04571733333	2378.43937066667	2362.13164733333	2485.24267
"1/sp|Q16222|UAP1_HUMAN"	"HUMAN"	NA	146.183871015	NA	162.322191015	161.677870745	189.978211595
"1/sp|Q16531|DDB1_HUMAN"	"HUMAN"	2676.56049433333	2733.45742833333	2661.589105	2850.14432266667	2770.192254	2818.86798666667
"1/sp|Q16576|RBBP7_HUMAN"	"HUMAN"	980.031250676667	1024.60080446667	997.5927358	1162.79963668333	1163.23609659667	1098.94687224667
"1/sp|Q16890|TPD53_HUMAN"	"HUMAN"	179.09916845	189.727025935	166.55727135	163.0318022	180.32032745	164.6072796
"1/sp|Q16891|IMMT_HUMAN"	"HUMAN"	1228.7672753	1270.5548744	1205.8317668	1262.99047033333	1227.45524953333	1274.38883266667
"1/sp|Q52LJ0|FA98B_HUMAN"	"HUMAN"	197.243661966667	216.034480933333	193.4145161	198.151339566667	238.575021733333	216.9361342
"1/sp|Q5QJE6|TDIF2_HUMAN"	"HUMAN"	NA	NA	NA	NA	81.64707715	90.87234167
"1/sp|Q5RKV6|EXOS6_HUMAN"	"HUMAN"	323.619651533333	323.9673358	316.9298842	340.597549733333	310.680916633333	309.6647771
"1/sp|Q6NVY1|HIBCH_HUMAN"	"HUMAN"	200.823052233333	180.021444566667	196.924804433333	208.527624733333	204.750951333333	225.762506433333
"1/sp|Q6P1J9|CDC73_HUMAN"	"HUMAN"	184.4043907	169.19469575	206.2981679	213.6489866	193.1097904	219.92390015
"1/sp|Q6P2Q9|PRP8_HUMAN"	"HUMAN"	1443.788885	1436.75813533333	1444.79315233333	1489.21786966667	1498.24867466667	1472.915726
"1/sp|Q7L2E3|DHX30_HUMAN"	"HUMAN"	462.914829633333	477.6822663	481.524856166667	474.741328466667	502.1356016	506.516085833333
"1/sp|Q7L2H7|EIF3M_HUMAN"	"HUMAN"	567.6379904	574.170749366667	567.552788166667	658.4209539	602.921419366667	574.2756861
"1/sp|Q86UE4|LYRIC_HUMAN"	"HUMAN"	630.323876933333	651.6172409	654.4727156	698.681377566667	666.2714468	641.6339961
"1/sp|Q86UP2|KTN1_HUMAN"	"HUMAN"	571.051621766667	553.077832933333	573.725364266667	568.7275638	599.7960076	617.960123533333
"1/sp|Q86X55|CARM1_HUMAN"	"HUMAN"	358.9071686	373.084536833333	332.9210055	375.635411233333	356.4992285	358.724685933333
"1/sp|Q86XP3|DDX42_HUMAN"	"HUMAN"	428.048852866667	450.285800166667	458.750780233333	478.1110681	415.527418766667	457.238608366667
"1/sp|Q8IUE6|H2A2B_HUMAN"	"HUMAN"	69.432941835	58.790519485	63.79233685	73.595265795	51.91770573	67.492262555
"1/sp|Q8IZL8|PELP1_HUMAN"	"HUMAN"	437.315675433333	450.996598766667	412.868247766667	422.672867766667	447.072168366667	410.983095533333
"1/sp|Q8NE71|ABCF1_HUMAN"	"HUMAN"	556.176302733333	586.055371866667	572.7632706	565.872727733333	610.735856766667	592.614516833333
"1/sp|Q8TEX9|IPO4_HUMAN"	"HUMAN"	310.31350275	300.31041665	246.8873791	130.67037475	141.59289545	154.2094947
"1/sp|Q8WX93|PALLD_HUMAN"	"HUMAN"	404.815854633333	407.1442541	444.343726766667	431.481334566667	440.053593566667	420.647930366667
"1/sp|Q92466|DDB2_HUMAN"	"HUMAN"	418.271275333333	465.4314291	478.411099866667	545.428406366667	524.815562	495.765047
"1/sp|Q92597|NDRG1_HUMAN"	"HUMAN"	355.517710866667	351.419514933333	330.039360466667	350.280431066667	311.023863133333	338.089334933333
"1/sp|Q92688|AN32B_HUMAN"	"HUMAN"	4122.10293166667	4397.75557833333	4246.217957	4398.514458	4204.306274	4282.64867066667
"1/sp|Q92890|UFD1_HUMAN"	"HUMAN"	514.529947833333	490.20792225	478.54837935	457.3125525	464.14997265	445.7722412
"1/sp|Q92900|RENT1_HUMAN"	"HUMAN"	616.837892033333	564.912424033333	606.299018166667	702.566716466667	855.484401833333	935.0803249
"1/sp|Q969S3|ZN622_HUMAN"	"HUMAN"	366.533819333333	340.153601066667	329.9658671	302.749059566667	278.109742433333	335.503299366667
"1/sp|Q96C36|P5CR2_HUMAN"	"HUMAN"	589.154878633333	642.237653233333	608.7365053	640.4651322	688.648955233333	640.506071366667
"1/sp|Q96EP5|DAZP1_HUMAN"	"HUMAN"	1216.84651366667	1167.38939476667	1218.13725283333	1329.35440866667	1315.4275254	1418.19120666667
"1/sp|Q96EY1|DNJA3_HUMAN"	"HUMAN"	553.828705033333	562.695745133333	556.825365333333	595.164743866667	609.5367523	619.0436573
"1/sp|Q96FW1|OTUB1_HUMAN"	"HUMAN"	749.958766166667	767.102863766667	780.7241842	829.598979866667	835.522060766667	875.066755733333
"1/sp|Q96HS1|PGAM5_HUMAN"	"HUMAN"	544.836760633333	573.6909373	554.331212933333	612.5223799	601.727625633333	592.269424166667
"1/sp|Q96Q11|TRNT1_HUMAN"	"HUMAN"	343.487618766667	430.41159465	364.095569	316.447980433333	347.483869166667	331.035494666667
"1/sp|Q99471|PFD5_HUMAN"	"HUMAN"	630.293333133333	607.018119533333	624.594970933333	453.817197233333	483.791459933333	458.4170824
"1/sp|Q99497|PARK7_HUMAN"	"HUMAN"	7086.83630833333	7320.30391566667	7274.847518	7555.71470266667	7722.86560366667	7646.51002633333
"1/sp|Q99627|CSN8_HUMAN"	"HUMAN"	377.281816966667	386.8753155	386.9693747	392.5919952	428.8797589	385.694813666667
"1/sp|Q99714|HCD2_HUMAN"	"HUMAN"	4586.75672266667	4750.93805933333	4494.323102	4461.77670566667	4292.35869533333	4356.86909633333
"1/sp|Q99873|ANM1_HUMAN"	"HUMAN"	1623.59080916667	1665.9751608	1607.30443106667	1647.75159453333	1647.7910734	1577.61642413333
"1/sp|Q9BQ52|RNZ2_HUMAN"	"HUMAN"	362.6859627	319.9151403	370.14762865	296.68543415	325.55608335	351.91856625
"1/sp|Q9BSH4|TACO1_HUMAN"	"HUMAN"	192.680098133333	171.553529533333	183.492189033333	194.405776066667	230.538687766667	197.669141133333
"1/sp|Q9BUF5|TBB6_HUMAN"	"HUMAN"	1973.7482605	2007.81337833333	1938.48339556667	1548.4277061	1524.7464791	1541.72135866667
"1/sp|Q9BUJ2|HNRL1_HUMAN"	"HUMAN"	1425.0097629	1383.73184633333	1488.12070916667	1371.2468459	1367.4774032	1393.86022036667
"1/sp|Q9BWM7|SFXN3_HUMAN"	"HUMAN"	598.91209615	554.05904455	586.7297098	671.2623825	725.82494875	661.93165385
"1/sp|Q9BYD3|RM04_HUMAN"	"HUMAN"	249.6100242	288.64802605	290.30224755	266.0322796	304.98728	273.3881032
"1/sp|Q9H3K2|GHITM_HUMAN"	"HUMAN"	618.074435766667	625.598174033333	654.099191766667	638.5140289	595.878028133333	653.869591733333
"1/sp|Q9H444|CHM4B_HUMAN"	"HUMAN"	435.630856033333	435.4551612	434.8691863	437.3680463	432.987222733333	452.730112866667
"1/sp|Q9H488|OFUT1_HUMAN"	"HUMAN"	290.83303595	257.6657277	290.60101965	246.6397044	305.97098155	277.07674385
"1/sp|Q9H583|HEAT1_HUMAN"	"HUMAN"	638.600932366667	682.1706442	531.531701966667	1441.58583316667	906.345443633333	504.7563583
"1/sp|Q9H9B4|SFXN1_HUMAN"	"HUMAN"	1535.923026	1617.62454433333	1582.62052033333	1686.97865333333	1634.435125	1586.396538
"1/sp|Q9HA77|SYCM_HUMAN"	"HUMAN"	338.05441135	338.6457183	341.77180125	373.3785846	354.12691285	353.26443945
"1/sp|Q9NPA0|EMC7_HUMAN"	"HUMAN"	417.470701	401.4599316	443.89014345	434.36035275	410.18323695	433.3421651
"1/sp|Q9NPD3|EXOS4_HUMAN"	"HUMAN"	482.163698766667	442.938623566667	470.145897333333	501.962987333333	492.363586133333	492.137970633333
"1/sp|Q9NTJ3|SMC4_HUMAN"	"HUMAN"	373.779480266667	384.857869633333	361.422026	409.5885974	390.4768059	356.7013374
"1/sp|Q9NY33|DPP3_HUMAN"	"HUMAN"	167.36207065	169.601853105	182.39954185	196.719207855	204.52689371	185.760772905
"1/sp|Q9NYK5|RM39_HUMAN"	"HUMAN"	298.7197716	247.18689845	277.5889401	299.086579	246.8084591	280.69995705
"1/sp|Q9P0V9|SEP10_HUMAN"	"HUMAN"	261.2422673	225.1048898	246.5642177	230.55042945	241.07733505	257.12032825
"1/sp|Q9P258|RCC2_HUMAN"	"HUMAN"	3555.40846633333	3393.881734	3514.360524	3545.90816033333	3291.62376366667	3478.37079833333
"1/sp|Q9UBR2|CATZ_HUMAN"	"HUMAN"	952.555769333333	945.8377964	952.765046666667	910.398724466667	899.972658666667	948.731711033333
"1/sp|Q9UH62|ARMX3_HUMAN"	"HUMAN"	336.98280745	304.2876348	327.94270685	322.11198895	340.41706935	331.80553355
"1/sp|Q9UIJ7|KAD3_HUMAN"	"HUMAN"	1564.6737248	1440.61868073333	1493.25917463333	1520.89589563333	1610.67741333333	1611.11435366667
"1/sp|Q9UL25|RAB21_HUMAN"	"HUMAN"	322.311601366667	316.8142037	369.490255033333	358.199164633333	357.906972533333	417.155210566667
"1/sp|Q9UNM6|PSD13_HUMAN"	"HUMAN"	859.558653966667	958.5104947	902.446999833333	923.118242766667	914.069805166667	921.266310733333
"1/sp|Q9UNX4|WDR3_HUMAN"	"HUMAN"	225.037283293333	231.451030153333	225.109748813333	203.48687877	216.999277413333	206.605304563333
"1/sp|Q9Y221|NIP7_HUMAN"	"HUMAN"	370.3479865	412.99663565	327.59625935	345.56752515	327.36223985	362.91021205
"1/sp|Q9Y2S6|TMA7_HUMAN"	"HUMAN"	806.63477815	812.54203665	839.75698495	816.35643745	851.0530668	838.7115404
"1/sp|Q9Y2T3|GUAD_HUMAN"	"HUMAN"	1065.1733702	1138.65511126667	1029.6017395	1115.1673629	1086.11955753333	1144.77505116667
"1/sp|Q9Y2W1|TR150_HUMAN"	"HUMAN"	754.890500666667	733.1365556	731.0861264	681.142566	709.794146933333	676.615496833333
"1/sp|Q9Y2Z0|SUGT1_HUMAN"	"HUMAN"	337.355338953333	345.771193726667	342.537290123333	481.4714795	358.60854565	356.395161233333
"1/sp|Q9Y2Z4|SYYM_HUMAN"	"HUMAN"	321.2067068	301.441208	324.3271844	311.2420421	335.251335	318.67655465
"1/sp|Q9Y399|RT02_HUMAN"	"HUMAN"	563.1607701	550.647270433333	567.2849052	501.624863433333	568.749381833333	541.354056466667
"1/sp|Q9Y678|COPG1_HUMAN"	"HUMAN"	624.2133787	560.346376966667	570.441661433333	566.879202966667	547.284057733333	602.5550583
"1/sp|Q9Y696|CLIC4_HUMAN"	"HUMAN"	523.217175006667	589.407530566667	650.45179075	514.08063709	552.5484855	560.936917826667
"1/tr|C8Z3V2|C8Z3V2_YEAS8"	"YEAST"	7013.865174	7688.74239533333	7282.959106	3479.37012	3376.91326333333	3317.54706966667
"1/tr|C8Z3X0|C8Z3X0_YEAS8"	"YEAST"	148.81107239	90.49309595	84.24415234	47.41519578	NA	NA
"1/tr|C8Z3Z0|C8Z3Z0_YEAS8"	"YEAST"	203.8428406	184.903462166667	191.965950666667	133.39263555	143.20938155	71.6763698133333
"1/tr|C8Z419|C8Z419_YEAS8"	"YEAST"	4323.01232766667	4438.346904	4338.665599	2274.506836	2181.29292033333	2315.93565266667
"1/tr|C8Z423|C8Z423_YEAS8"	"YEAST"	245.88959475	217.686086	224.91590355	84.157140005	124.8881518	130.7278441
"1/tr|C8Z4H1|C8Z4H1_YEAS8"	"YEAST"	367.219835666667	391.6742941	402.259526333333	207.4336274	213.192822466667	206.322046266667
"1/tr|C8Z4M3|C8Z4M3_YEAS8"	"YEAST"	443.1569937	225.64652615	295.8821772	172.5618355	132.89772333	109.76938215
"1/tr|C8Z4W0|C8Z4W0_YEAS8"	"YEAST"	1089.56915646667	1198.20329853333	1130.98422976667	668.9134303	598.0858345	569.002956166667
"1/tr|C8Z4W9|C8Z4W9_YEAS8"	"YEAST"	28918.81035	29502.0357933333	29180.8782233333	14603.7927263333	14671.634361	13854.5845476667
"1/tr|C8Z588|C8Z588_YEAS8"	"YEAST"	262.590082616667	229.159023666667	242.779672233333	89.99325674	90.43777712	93.946783145
"1/tr|C8Z5C5|C8Z5C5_YEAS8"	"YEAST"	495.147797133333	468.7544766	498.1382265	225.9484011	229.246959266667	256.105790633333
"1/tr|C8Z5E5|C8Z5E5_YEAS8"	"YEAST"	352.8323515	256.307444666667	328.8483143	137.2260117	146.0242311	137.695537833333
"1/tr|C8Z5H0|C8Z5H0_YEAS8"	"YEAST"	1507.123153	1508.88275266667	1596.39923033333	820.7982036	748.180292733333	802.174945933333
"1/tr|C8Z5Q7|C8Z5Q7_YEAS8"	"YEAST"	227.50302295	242.20976177	NA	120.93836461	140.302313835	NA
"1/tr|C8Z5V8|C8Z5V8_YEAS8"	"YEAST"	214.67925243	232.903887513333	205.406326906667	79.6125834466667	77.73173383	85.7344314833333
"1/tr|C8Z5Z1|C8Z5Z1_YEAS8"	"YEAST"	170.996351556667	194.8445632	204.860765566667	NA	NA	42.201573805
"1/tr|C8Z5Z5|C8Z5Z5_YEAS8"	"YEAST"	69.36761316	62.75745609	NA	NA	NA	NA
"1/tr|C8Z612|C8Z612_YEAS8"	"YEAST"	661.7497338	695.451181166667	680.940701533333	321.204956366667	358.612521266667	358.840274933333
"1/tr|C8Z621|C8Z621_YEAS8"	"YEAST"	NA	120.3050686	120.8742183	NA	70.85406534	68.380056355
"1/tr|C8Z666|C8Z666_YEAS8"	"YEAST"	1295.9155935	1354.06793	1271.9224045	690.04860445	669.18366315	711.86333165
"1/tr|C8Z6A8|C8Z6A8_YEAS8"	"YEAST"	735.086386966667	769.468689066667	720.215474366667	419.426029233333	576.318443	326.880204033333
"1/tr|C8Z6F0|C8Z6F0_YEAS8"	"YEAST"	112.08257747	96.25969151	87.6585993233333	43.2616679	NA	55.7901051633333
"1/tr|C8Z6G7|C8Z6G7_YEAS8"	"YEAST"	289.24189023	285.106878	277.7136363	208.88062225	201.70140165	192.23267525
"1/tr|C8Z6H8|C8Z6H8_YEAS8"	"YEAST"	921.540044466667	898.225965133333	975.891351033333	435.968762133333	419.211404066667	445.0133735
"1/tr|C8Z6K4|C8Z6K4_YEAS8"	"YEAST"	1317.33792493333	1330.35897066667	1314.25708166667	789.090173866667	690.795317633333	726.5518506
"1/tr|C8Z6P0|C8Z6P0_YEAS8"	"YEAST"	8932.65736143333	9011.8305479	9115.07073553333	4099.60361526667	4006.43227326667	4065.97168456667
"1/tr|C8Z6Q0|C8Z6Q0_YEAS8"	"YEAST"	302.56782645	330.94768145	285.4294806	153.02878345	158.00680195	132.886188975
"1/tr|C8Z6W5|C8Z6W5_YEAS8"	"YEAST"	699.0217546	758.494125066667	678.5450018	385.455027166667	444.810925166667	393.420913533333
"1/tr|C8Z760|C8Z760_YEAS8"	"YEAST"	373.1990592	385.275491366667	403.671813033333	171.438660866667	228.167308833333	214.1863623
"1/tr|C8Z768|C8Z768_YEAS8"	"YEAST"	319.526747366667	287.707367966667	307.207754	121.611740336667	105.566845933333	125.146475626667
"1/tr|C8Z793|C8Z793_YEAS8"	"YEAST"	720.2181243	694.067863366667	693.093907533333	443.314559866667	430.641006896667	393.769580166667
"1/tr|C8Z7K1|C8Z7K1_YEAS8"	"YEAST"	3567.23533366667	3674.49002533333	3681.92842633333	1845.01677866667	1893.34307233333	1904.49214966667
"1/tr|C8Z7K2|C8Z7K2_YEAS8"	"YEAST"	2180.74402566667	2227.57753433333	2127.12566933333	1173.98914426667	1084.8224581	1155.35248873333
"1/tr|C8Z7P4|C8Z7P4_YEAS8"	"YEAST"	947.924074966667	886.8997943	916.119836566667	478.874604633333	444.5294246	487.7714624
"1/tr|C8Z7R5|C8Z7R5_YEAS8"	"YEAST"	1739.89988166667	1755.576635	1711.71163866667	806.891999633333	794.6660581	810.510012233333
"1/tr|C8Z7V0|C8Z7V0_YEAS8"	"YEAST"	101.644334165	89.762650045	93.051570395	57.04257015	NA	NA
"1/tr|C8Z815|C8Z815_YEAS8"	"YEAST"	138.277247936667	151.901375603333	161.882722636667	97.240491615	70.7210559066667	62.7037336933333
"1/tr|C8Z861|C8Z861_YEAS8"	"YEAST"	75.59445038	NA	71.666110035	36.73065498	37.87051844	NA
"1/tr|C8Z894|C8Z894_YEAS8"	"YEAST"	582.479152166667	587.347594133333	623.534157333333	265.812625133333	304.804426733333	328.014819333333
"1/tr|C8Z8B5|C8Z8B5_YEAS8"	"YEAST"	11334.7147786667	10950.9166796667	10789.4318666667	5744.50155133333	5742.032066	5552.40997766667
"1/tr|C8Z8S9|C8Z8S9_YEAS8"	"YEAST"	15397.3605816667	15600.393614	14978.920635	7670.01620866667	7443.80238366667	7163.71608433333
"1/tr|C8Z8Y1|C8Z8Y1_YEAS8"	"YEAST"	294.503731233333	260.205446866667	199.294305033333	90.8686213233333	102.81731139	109.02258126
"1/tr|C8Z8Y2|C8Z8Y2_YEAS8"	"YEAST"	656.6186948	675.407796866667	656.8022109	335.526078533333	371.0663954	375.059488333333
"1/tr|C8Z972|C8Z972_YEAS8"	"YEAST"	784.576253433333	833.7264983	832.762505533333	453.89386986	433.691054283333	494.261426226667
"1/tr|C8Z982|C8Z982_YEAS8"	"YEAST"	507.3945329	499.428402866667	506.443146966667	310.0606737	259.844988866667	266.5652757
"1/tr|C8Z9A2|C8Z9A2_YEAS8"	"YEAST"	1440.20627833333	1483.7613422	1545.1263324	761.837832443333	783.29284071	809.814039716667
"1/tr|C8Z9L3|C8Z9L3_YEAS8"	"YEAST"	151.831857166667	158.929289533333	156.888623876667	91.9674335233333	56.132571975	72.5125156466667
"1/tr|C8Z9N2|C8Z9N2_YEAS8"	"YEAST"	700.1771325	738.240655566667	712.403276266667	486.9021935	337.39139537	340.773111076667
"1/tr|C8Z9Q1|C8Z9Q1_YEAS8"	"YEAST"	339.852644466667	309.556338433333	323.149932166667	189.549358936667	220.013328866667	136.313741533333
"1/tr|C8Z9Q6|C8Z9Q6_YEAS8"	"YEAST"	115.745222126667	109.798703103333	111.52414054	54.943081935	73.6033676133333	66.2213018733333
"1/tr|C8Z9R4|C8Z9R4_YEAS8"	"YEAST"	238.922885433333	199.430184066667	217.363744466667	91.1708023433333	108.682279513333	117.174689833333
"1/tr|C8Z9W0|C8Z9W0_YEAS8"	"YEAST"	554.542990033333	512.031851866667	543.521749333333	249.642466466667	264.9113762	271.3669099
"1/tr|C8ZA04|C8ZA04_YEAS8"	"YEAST"	18192.8460393333	18514.0915566667	17995.50462	7373.698158	7384.42650733333	7242.313977
"1/tr|C8ZA79|C8ZA79_YEAS8"	"YEAST"	154.47535195	176.1993579	151.455237	88.722314995	74.67302438	83.0088439
"1/tr|C8ZA85|C8ZA85_YEAS8"	"YEAST"	1261.82144233333	1209.35898703333	1225.12080866667	654.932209733333	709.271236333333	766.9631691
"1/tr|C8ZA87|C8ZA87_YEAS8"	"YEAST"	1307.49025416667	1362.5481076	1286.4197842	679.539981233333	672.539166133333	702.566032033333
"1/tr|C8ZAA7|C8ZAA7_YEAS8"	"YEAST"	763.098028633333	772.5033918	717.3426785	380.3398186	333.053042893333	304.00236688
"1/tr|C8ZAC2|C8ZAC2_YEAS8"	"YEAST"	786.830908666667	655.4237598	659.387534933333	350.308856033333	366.4113624	341.8093492
"1/tr|C8ZAD0|C8ZAD0_YEAS8"	"YEAST"	NA	64.263287235	74.19565756	NA	NA	NA
"1/tr|C8ZAI3|C8ZAI3_YEAS8"	"YEAST"	286.137099033333	280.2591098	265.7262474	107.393675343333	89.1271044533333	104.56268584
"1/tr|C8ZAN9|C8ZAN9_YEAS8"	"YEAST"	220.24603221	201.37542415	216.02647281	130.65671695	98.0248501866667	125.272915855
"1/tr|C8ZAV0|C8ZAV0_YEAS8"	"YEAST"	813.559509666667	805.170384933333	819.6244483	444.760206533333	443.729288366667	386.4670029
"1/tr|C8ZAX5|C8ZAX5_YEAS8"	"YEAST"	261.9075936	245.412830733333	266.894116166667	129.900895686667	145.186799333333	147.102728633333
"1/tr|C8ZAX6|C8ZAX6_YEAS8"	"YEAST"	479.841274066667	461.602238433333	447.8667476	128.08322743	131.163977713333	364.818260333333
"1/tr|C8ZB33|C8ZB33_YEAS8"	"YEAST"	151.7896108	160.319456	176.7202996	70.00399464	73.836979285	79.758353435
"1/tr|C8ZB48|C8ZB48_YEAS8"	"YEAST"	489.0489923	550.729942533333	553.424389733333	273.729625	299.700638366667	335.963469166667
"1/tr|C8ZB52|C8ZB52_YEAS8"	"YEAST"	3249.36200633333	3455.75774533333	3385.60869533333	1648.12818933333	1683.09660833333	1714.63314566667
"1/tr|C8ZB62|C8ZB62_YEAS8"	"YEAST"	184.918181483333	197.785043773333	203.462498166667	117.27295325	70.656586625	88.24567673
"1/tr|C8ZBC5|C8ZBC5_YEAS8"	"YEAST"	417.3801157	431.090730966667	392.569786	241.4643533	97.9992692733333	89.7353165533333
"1/tr|C8ZBD2|C8ZBD2_YEAS8"	"YEAST"	1499.94318233333	1541.76518133333	1548.79208933333	764.069476066667	775.218492966667	869.771159333333
"1/tr|C8ZBE5|C8ZBE5_YEAS8"	"YEAST"	312.155521033333	307.390857833333	326.503284966667	166.7492509	161.390899816667	180.429910833333
"1/tr|C8ZBJ8|C8ZBJ8_YEAS8"	"YEAST"	291.817706086667	338.944058833333	294.468486966667	136.910754073333	130.290399773333	136.77701839
"1/tr|C8ZBP1|C8ZBP1_YEAS8"	"YEAST"	5733.69528633333	5608.85581966667	5560.58003966667	2787.20490366667	2808.39971233333	2795.14101666667
"1/tr|C8ZBP3|C8ZBP3_YEAS8"	"YEAST"	795.922546666667	960.022344266667	888.783170566667	508.5341564	523.264094133333	485.503156066667
"1/tr|C8ZBS3|C8ZBS3_YEAS8"	"YEAST"	261.558775033333	254.070560833333	255.383037033333	122.717032323333	118.44060862	135.698033583333
"1/tr|C8ZBT4|C8ZBT4_YEAS8"	"YEAST"	263.02553395	243.5521826	266.45169265	151.862920215	178.806975305	159.77458444
"1/tr|C8ZBW7|C8ZBW7_YEAS8"	"YEAST"	79.6626670233333	96.49339971	96.25593571	NA	NA	73.386300055
"1/tr|C8ZC15|C8ZC15_YEAS8"	"YEAST"	44.541101725	58.545896165	61.31339501	NA	NA	NA
"1/tr|C8ZC58|C8ZC58_YEAS8"	"YEAST"	1033.69933186667	991.039032133333	969.1882465	397.2737549	480.651286466667	447.850062633333
"1/tr|C8ZC71|C8ZC71_YEAS8"	"YEAST"	1136.28591043333	1093.59025633333	1236.013394	536.338507133333	840.174368233333	827.910370133333
"1/tr|C8ZC99|C8ZC99_YEAS8"	"YEAST"	251.34052819	286.458250566667	224.34733805	NA	NA	85.645724105
"1/tr|C8ZCA7|C8ZCA7_YEAS8"	"YEAST"	466.438297466667	430.540407066667	471.878225933333	240.0465149	270.615863266667	316.149855066667
"1/tr|C8ZCK0|C8ZCK0_YEAS8"	"YEAST"	126.5821876	164.839088233333	177.6214021	59.85394307	76.9186739633333	59.26609725
"1/tr|C8ZCL1|C8ZCL1_YEAS8"	"YEAST"	860.843578966667	882.701236	907.182641933333	458.3961618	447.317980266667	428.299316766667
"1/tr|C8ZCX2|C8ZCX2_YEAS8"	"YEAST"	431.427783433333	420.313957	421.708034266667	191.425305933333	199.4648379	233.517604766667
"1/tr|C8ZCZ9|C8ZCZ9_YEAS8"	"YEAST"	1161.59810976667	1116.83475286667	1083.4495465	627.290186233333	591.042003733333	622.827403366667
"1/tr|C8ZD15|C8ZD15_YEAS8"	"YEAST"	376.3004543	403.716733666667	377.8400256	183.871838846667	183.23047359	187.32758808
"1/tr|C8ZD32|C8ZD32_YEAS8"	"YEAST"	1640.37326566667	1754.08631233333	1471.34749823333	948.8106798	947.209636	902.7074712
"1/tr|C8ZD59|C8ZD59_YEAS8"	"YEAST"	160.12790387	139.922038145	217.020849433333	70.62216107	76.390281325	69.918470875
"1/tr|C8ZD71|C8ZD71_YEAS8"	"YEAST"	752.136174466667	760.082739166667	784.431462266667	356.6789414	382.8855249	411.247997166667
"1/tr|C8ZDF6|C8ZDF6_YEAS8"	"YEAST"	1315.4275252	1350.77715135	1358.33625235	713.5849231	738.2390331	724.88574125
"1/tr|C8ZDH3|C8ZDH3_YEAS8"	"YEAST"	131.23345281	105.64888618	66.852688715	NA	NA	57.189745205
"1/tr|C8ZDQ6|C8ZDQ6_YEAS8"	"YEAST"	202.7344209	196.00078864	205.92865067	77.09949817	100.44195687	170.32079715
"1/tr|C8ZDR6|C8ZDR6_YEAS8"	"YEAST"	4132.10916466667	4168.47597566667	4102.732122	2127.14624366667	2174.75592366667	2066.08196333333
"1/tr|C8ZDU5|C8ZDU5_YEAS8"	"YEAST"	338.5752245	325.3535891	324.658829366667	150.009510766667	146.581264266667	179.5031105
"1/tr|C8ZDW2|C8ZDW2_YEAS8"	"YEAST"	7148.288032	7432.02612066667	7014.99775	3303.46542333333	3232.51924733333	3205.03622666667
"1/tr|C8ZE28|C8ZE28_YEAS8"	"YEAST"	217.988417166667	232.047884766667	218.814044966667	160.753033466667	170.510881066667	116.4161053
"1/tr|C8ZE49|C8ZE49_YEAS8"	"YEAST"	3875.67922866667	3932.23435933333	3835.50971266667	1985.91528033333	2070.59582366667	1929.54205166667
"1/tr|C8ZE56|C8ZE56_YEAS8"	"YEAST"	628.911703866667	662.616194933333	651.0092754	300.5534882	318.16960702	310.885675133333
"1/tr|C8ZEB9|C8ZEB9_YEAS8"	"YEAST"	829.8265147	831.628272866667	753.414984866667	415.262446933333	407.1721311	375.608310966667
"1/tr|C8ZED1|C8ZED1_YEAS8"	"YEAST"	1797.08921433333	1822.92207176667	1841.91629696667	865.913739733333	916.852747866667	906.07607
"1/tr|C8ZED5|C8ZED5_YEAS8"	"YEAST"	1293.97474566667	1316.39362833333	1302.35526266667	677.828865733333	643.506091366667	656.2369872
"1/tr|C8ZEL4|C8ZEL4_YEAS8"	"YEAST"	557.7129277	571.677671733333	578.076942233333	271.337428466667	317.4968058	275.619322633333
"1/tr|C8ZEL8|C8ZEL8_YEAS8"	"YEAST"	761.021553066667	764.174640766667	699.587627133333	393.744019266667	358.428630133333	365.959272733333
"1/tr|C8ZES4|C8ZES4_YEAS8"	"YEAST"	927.704322233333	915.250936566667	980.4822295	559.648326086667	507.348129066667	536.9259286
"1/tr|C8ZEW2|C8ZEW2_YEAS8"	"YEAST"	118.964430133333	115.43072503	153.922995216667	81.09133874	63.41827283	50.63725227
"1/tr|C8ZEW3|C8ZEW3_YEAS8"	"YEAST"	945.1565503	880.2023036	915.4389465	384.520982133333	203.038605433333	429.2071731
"1/tr|C8ZEX4|C8ZEX4_YEAS8"	"YEAST"	458.721575466667	423.348743933333	485.3214576	237.8241118	225.366701366667	243.154439766667
"1/tr|C8ZF02|C8ZF02_YEAS8"	"YEAST"	872.4822957	903.2116351	911.1119524	424.9725676	515.746781066667	542.700205166667
"1/tr|C8ZF03|C8ZF03_YEAS8"	"YEAST"	558.0187029	568.421241	427.8068446	225.116573666667	262.345063133333	301.607197033333
"1/tr|C8ZF47|C8ZF47_YEAS8"	"YEAST"	194.47760126	166.60449699	126.684444796667	NA	NA	NA
"1/tr|C8ZF58|C8ZF58_YEAS8"	"YEAST"	724.35240749	720.30229534	745.247158	385.27810677	335.817420995	365.516675045
"1/tr|C8ZF68|C8ZF68_YEAS8"	"YEAST"	829.260949633333	904.477840933333	845.4656639	476.6875712	450.6655314	444.893756433333
"1/tr|C8ZF81|C8ZF81_YEAS8"	"YEAST"	2344.946105	2320.465663	2299.84537066667	1234.9592291	1242.9104267	1306.15682966667
"1/tr|C8ZF90|C8ZF90_YEAS8"	"YEAST"	1091.9221627	1169.22328016667	1170.17925666667	582.689023833333	638.278928333333	585.097012733333
"1/tr|C8ZFH0|C8ZFH0_YEAS8"	"YEAST"	110.964552853333	102.886112903333	112.726333486667	57.7418941533333	64.32919664	35.381273895
"1/tr|C8ZFH7|C8ZFH7_YEAS8"	"YEAST"	1460.81721143333	1599.0220768	1678.01313846667	792.308615766667	798.2597137	840.581029833333
"1/tr|C8ZFP4|C8ZFP4_YEAS8"	"YEAST"	143.114883433333	127.34856294	123.768854073333	72.4961481166667	45.485778615	53.1463649966667
"1/tr|C8ZFR4|C8ZFR4_YEAS8"	"YEAST"	671.839346033333	702.692587633333	643.7173616	339.4566158	343.605161733333	334.6096703
"1/tr|C8ZFR6|C8ZFR6_YEAS8"	"YEAST"	249.68343795	NA	206.9220555	80.470426535	105.436652775	103.395478665
"1/tr|C8ZG03|C8ZG03_YEAS8"	"YEAST"	187.83418975	150.061476095	176.56350985	64.21407235	NA	NA
"1/tr|C8ZG73|C8ZG73_YEAS8"	"YEAST"	NA	164.575750025	188.563089325	NA	NA	NA
"1/tr|C8ZGS6|C8ZGS6_YEAS8"	"YEAST"	126.8098791	135.950182186667	146.244367696667	59.63143037	68.90629477	81.5853642733333
"1/tr|C8ZGS9|C8ZGS9_YEAS8"	"YEAST"	1695.10098466667	1702.27117366667	1664.71876066667	864.922117233333	797.973742133333	855.596365633333
"1/tr|C8ZGV6|C8ZGV6_YEAS8"	"YEAST"	305.0800046	322.217744133333	293.7539434	91.72855508	96.64392989	107.265434233333
"1/tr|C8ZGV7|C8ZGV7_YEAS8"	"YEAST"	1163.562142	1144.1307927	1140.74442503333	599.8198486	680.789365666667	664.074791133333
"1/tr|C8ZH30|C8ZH30_YEAS8"	"YEAST"	170.17435949	163.888900485	161.62707862	71.12748614	92.01704096	76.93987605
"1/tr|C8ZH49|C8ZH49_YEAS8"	"YEAST"	3804.37442366667	3989.77643466667	3854.33642033333	2066.53505566667	2024.48016733333	2009.94483166667
"1/tr|C8ZH68|C8ZH68_YEAS8"	"YEAST"	1084.11931476667	932.5017129	1002.18649436667	531.078997733333	519.598082666667	477.725522466667
"1/tr|C8ZH77|C8ZH77_YEAS8"	"YEAST"	398.6937252	155.346732166667	198.324810266667	81.25765489	104.508669383333	134.8401738
"1/tr|C8ZHC3|C8ZHC3_YEAS8"	"YEAST"	2268.72926853333	2262.09412166667	2222.73648593333	1167.06244136667	1158.37314923333	1194.11873426667
"1/tr|C8ZHE7|C8ZHE7_YEAS8"	"YEAST"	395.276730333333	1190.8928179	364.9332986	166.6186175	210.2978547	183.517169433333
"1/tr|C8ZHK4|C8ZHK4_YEAS8"	"YEAST"	547.0861828	536.986017133333	525.8915764	381.563715633333	332.797866376667	346.454185626667
"1/tr|C8ZHK6|C8ZHK6_YEAS8"	"YEAST"	1192.6534178	1203.8931757	1204.49450286667	745.3524653	686.345667133333	841.2046595
"1/tr|C8ZHU8|C8ZHU8_YEAS8"	"YEAST"	331.462970666667	293.451512	307.786822633333	182.520554133333	151.987485	157.551302033333
"1/tr|C8ZIB7|C8ZIB7_YEAS8"	"YEAST"	1233.68989626667	1297.05128966667	1242.44430563333	631.901262966667	622.725530066667	672.116492733333
"1/tr|C8ZIG5|C8ZIG5_YEAS8"	"YEAST"	188.845856366667	178.361917366667	171.310093466667	81.2315502666667	76.4855843266667	NA
"1/tr|C8ZIK9|C8ZIK9_YEAS8"	"YEAST"	165.2698103	147.354778233333	154.4302604	75.7130508233333	84.9573621266667	86.7418967366667
"1/tr|C8ZIL8|C8ZIL8_YEAS8"	"YEAST"	1638.76714833333	1639.634439	1542.07432666667	818.940812033333	793.5145755	798.2190191
"1/tr|C8ZIP6|C8ZIP6_YEAS8"	"YEAST"	92.01788844	159.061989843333	157.72363475	151.10546454	NA	48.549508285
"1/tr|C8ZIP9|C8ZIP9_YEAS8"	"YEAST"	8635.68518266667	9146.10176733333	8426.50687033333	4143.26403533333	3953.72474233333	3913.19762866667
"1/tr|C8ZIQ3|C8ZIQ3_YEAS8"	"YEAST"	215.674723166667	215.387584166667	213.0233747	101.799058893333	167.4436493	161.247632066667
"1/tr|C8ZJ40|C8ZJ40_YEAS8"	"YEAST"	449.044615966667	543.866586966667	466.228412666667	237.13887117	235.923764043333	253.256797403333
"1/tr|C8ZJ60|C8ZJ60_YEAS8"	"YEAST"	1276.46446263333	1279.1088586	1196.47074146667	620.505633033333	607.8259627	637.507814266667
"1/tr|C8ZJ87|C8ZJ87_YEAS8"	"YEAST"	285.295601366667	309.149106133333	316.423050733333	170.26065174	176.66362802	196.85124526
"1/tr|C8ZJB1|C8ZJB1_YEAS8"	"YEAST"	77.09788219	83.97770667	93.777360095	NA	41.85558414	NA
"1/tr|C8ZJG8|C8ZJG8_YEAS8"	"YEAST"	1051.49895076667	1134.37415323333	1027.99120753333	612.805562733333	612.6160104	572.402134566667
"1/tr|D3UEC7|D3UEC7_YEAS8"	"YEAST"	2195.7980521	2348.25677095	2139.3044174	1150.17826542	1068.72789465	1082.205705475
"1/tr|D3UEE7|D3UEE7_YEAS8"	"YEAST"	183.866743266667	172.866193566667	204.579439436667	98.1186066633333	NA	123.67969148
"1/tr|D3UEF5|D3UEF5_YEAS8"	"YEAST"	284.20605715	533.327330283333	249.800107475	NA	NA	468.962150413333
"1/tr|D3UEJ5|D3UEJ5_YEAS8"	"YEAST"	313.16436338	290.3635019	311.856207763333	167.801634373333	183.161521263333	199.046305816667
"1/tr|D3UEJ9|D3UEJ9_YEAS8"	"YEAST"	1336.23155646667	1278.79143833333	1280.86598973333	689.680634466667	638.755472266667	615.517637866667
"1/tr|D3UER5|D3UER5_YEAS8"	"YEAST"	143.07604605	119.00138953	109.438971223333	118.074575463333	198.19807605	145.917525253333
"1/tr|D3UES2|D3UES2_YEAS8"	"YEAST"	2800.75018083333	418.691837966667	456.218419566667	171.586044	153.5141534	2738.22306643333
"1/tr|D3UET6|D3UET6_YEAS8"	"YEAST"	76.055886585	85.855649605	96.394668515	30.158375095	NA	NA
"1/tr|D3UEU0|D3UEU0_YEAS8"	"YEAST"	7580.60226066667	7393.08734333333	7486.155837	3601.77856963333	3779.6230238	3661.73379683333
"1/tr|D3UEV2|D3UEV2_YEAS8"	"YEAST"	231.95947035	254.8637436	274.26521235	169.90940002	194.61479295	171.45033115
"1/tr|D3UEW0|D3UEW0_YEAS8"	"YEAST"	358.3149104	373.295512	369.0779222	156.36653626	174.347885636667	186.9660588
"1/tr|D3UEX6|D3UEX6_YEAS8"	"YEAST"	434.891140305	403.98365267	407.63726579	210.71725566	186.736263655	NA
"1/tr|D3UEZ4|D3UEZ4_YEAS8"	"YEAST"	289.9398475	274.257889633333	300.2879236	141.686086166667	112.317166536667	160.714168266667
"1/tr|D3UF86|D3UF86_YEAS8"	"YEAST"	269.106646333333	221.663017133333	214.3229196	115.068133466667	118.816693733333	123.486676993333
"1/tr|D3UF98|D3UF98_YEAS8"	"YEAST"	NA	201.04699191	205.809050553333	74.64219781	62.763216095	69.3934618233333
"2/sp|P08134|RHOC_HUMAN/sp|P61586|RHOA_HUMAN"	"HUMAN"	3564.307898	3455.4091905	3511.112901	3600.1251995	3655.8414845	3809.380925
"2/sp|P09429|HMGB1_HUMAN/sp|B2RPK0|HGB1A_HUMAN"	"HUMAN"	3331.509589	3387.517023	3358.5373545	3436.0107355	3155.7008125	3281.126173
"2/sp|P14625|ENPL_HUMAN/sp|Q58FF3|ENPLL_HUMAN"	"HUMAN"	398.75083285	316.09768049	338.7264853	328.8892512	316.663158413333	340.1940821
"2/sp|P16615|AT2A2_HUMAN/sp|O14983|AT2A1_HUMAN"	"HUMAN"	1642.04718766667	1597.117206	1506.43311633333	1691.95691133333	1682.20089633333	1268.47701266667
"2/sp|P31946|1433B_HUMAN/sp|P61981|1433G_HUMAN"	"HUMAN"	1625.9247426	1703.16153975	1776.56775055	1854.8822723	1670.819663	1749.8782569
"2/sp|P35579|MYH9_HUMAN/sp|P35580|MYH10_HUMAN"	"HUMAN"	3172.88019276667	3172.906518	2908.82706696667	3292.53592003333	3168.14304253333	3066.93525553333
"2/sp|P42677|RS27_HUMAN/sp|Q71UM5|RS27L_HUMAN"	"HUMAN"	4548.3290095	4670.157164	4541.7457535	4917.956216	4615.608428	4775.191501
"2/sp|P52895|AK1C2_HUMAN/sp|Q04828|AK1C1_HUMAN"	"HUMAN"	1845.4106198	1926.8151177	1921.26432456667	1852.9958638	1623.5101639	1712.53218283333
"2/sp|P55786|PSA_HUMAN/sp|A6NEC2|PSAL_HUMAN"	"HUMAN"	756.1523288	799.4430375	799.0308436	829.984698066667	725.279651866667	804.658846333333
"2/sp|P63010|AP2B1_HUMAN/sp|Q10567|AP1B1_HUMAN"	"HUMAN"	728.1165214	799.459253833333	804.896008033333	758.2292626	830.5240677	780.989273333333
"2/sp|P63261|ACTG_HUMAN/sp|P60709|ACTB_HUMAN"	"HUMAN"	164265.24995	171028.015103333	168186.248253333	173563.083623333	172406.941773333	171555.346353333
"2/sp|Q00610|CLH1_HUMAN/sp|P53675|CLH2_HUMAN"	"HUMAN"	249.5685595	221.3984266	214.6011304	349.78773125	358.98276295	371.29425065
"2/sp|Q16576|RBBP7_HUMAN/sp|Q09028|RBBP4_HUMAN"	"HUMAN"	4009.75715433333	4032.28832233333	3873.80222866667	4091.45564933333	4083.79204633333	4194.785357
"2/sp|Q6IS14|IF5AL_HUMAN/sp|P63241|IF5A1_HUMAN"	"HUMAN"	1551.16154333333	1701.12249666667	1643.235536	1695.01602	1699.323615	1650.57228633333
"2/sp|Q6PKG0|LARP1_HUMAN/sp|Q659C4|LAR1B_HUMAN"	"HUMAN"	259.0500698	273.6342332	267.87258535	282.96469745	255.8957875	258.3461738
"2/sp|Q8WU68|U2AF4_HUMAN/sp|Q01081|U2AF1_HUMAN"	"HUMAN"	263.20261765	275.0531481	263.22721635	277.1776562	267.6698375	278.6504893
"2/sp|Q92928|RAB1C_HUMAN/sp|Q9H0U4|RAB1B_HUMAN"	"HUMAN"	832.371046033333	900.4409406	812.2057032	877.931080233333	760.732685966667	890.3348368
"2/sp|Q93045|STMN2_HUMAN/sp|P16949|STMN1_HUMAN"	"HUMAN"	1652.66442916667	1613.15519013333	1628.2978629	1703.77064213333	1711.33938336667	1696.52587506667
"2/sp|Q96E39|RMXL1_HUMAN/sp|P38159|RBMX_HUMAN"	"HUMAN"	2327.79993533333	2449.00196333333	2306.729733	2398.980361	2328.12884466667	2544.622332
"2/sp|Q99733|NP1L4_HUMAN/sp|P55209|NP1L1_HUMAN"	"HUMAN"	1794.1742244	1824.2680513	1748.68372995	1879.1794101	1900.41895905	1893.49962565
"2/sp|Q9NZN3|EHD3_HUMAN/sp|Q9H4M9|EHD1_HUMAN"	"HUMAN"	226.993063925	207.462529015	224.011058935	223.737482	235.46921425	NA
"2/tr|C8Z4C1|C8Z4C1_YEAS8/tr|D3UF51|D3UF51_YEAS8"	"YEAST"	11437.3318666667	11863.115645	11209.949292	5743.244679	5789.64775766667	5614.38413833333
"2/tr|C8Z985|C8Z985_YEAS8/tr|C8ZBG4|C8ZBG4_YEAS8"	"YEAST"	68806.6038303333	71862.121907	68672.322929	33253.8939573333	31840.5338036667	32779.345055
"2/tr|C8Z9A2|C8Z9A2_YEAS8/tr|C8ZD15|C8ZD15_YEAS8"	"YEAST"	9319.603653	6221.52379596	5714.07365933333	4443.75211	2943.84977296667	2810.97426514667
"2/tr|C8ZA97|C8ZA97_YEAS8/tr|C8ZA98|C8ZA98_YEAS8"	"YEAST"	92.307966855	108.70909723	108.97983808	63.011202875	57.247260055	51.40174815
"2/tr|C8ZB42|C8ZB42_YEAS8/tr|C8ZBZ5|C8ZBZ5_YEAS8"	"YEAST"	7610.81338033333	8125.684373	7592.60770433333	4024.44203433333	3907.73853766667	3932.13653133333
"2/tr|C8ZB87|C8ZB87_YEAS8/tr|C8ZBQ7|C8ZBQ7_YEAS8"	"YEAST"	1249.12171	1245.187666	1234.866908	629.3204474	666.57782995	646.76295365
"2/tr|C8ZC46|C8ZC46_YEAS8/tr|C8ZEW2|C8ZEW2_YEAS8"	"YEAST"	143.8525239	164.400515443333	159.680406466667	96.380912725	74.625405825	71.688303265
"2/tr|C8ZEU8|C8ZEU8_YEAS8/tr|C8ZBV7|C8ZBV7_YEAS8"	"YEAST"	212.546639665	237.248232875	191.375275225	NA	NA	NA
"2/tr|C8ZF58|C8ZF58_YEAS8/tr|C8ZIC9|C8ZIC9_YEAS8"	"YEAST"	10665.023243	10731.4353343333	10122.0189726667	5585.22885133333	5317.17250833333	5148.49822533333
"2/tr|C8ZGJ2|C8ZGJ2_YEAS8/tr|C8ZFW0|C8ZFW0_YEAS8"	"YEAST"	1164.18622123333	1139.276013	1253.52548433333	594.470487	614.003784333333	655.940028366667
"2/tr|C8ZHJ5|C8ZHJ5_YEAS8/tr|D3UFA5|D3UFA5_YEAS8"	"YEAST"	12801.4701103333	12870.4863656667	12260.6098183333	6479.49690966667	6221.06562766667	6256.476082
"2/tr|C8ZI57|C8ZI57_YEAS8/tr|C8ZGD5|C8ZGD5_YEAS8"	"YEAST"	6172.33115133333	6304.19928866667	5621.71692	2691.913456	2717.007473	2858.04555233333
"2/tr|D3UEH9|D3UEH9_YEAS8/tr|C8Z3W6|C8Z3W6_YEAS8"	"YEAST"	5342.65291086667	5531.88535401	5320.10658065667	2621.75496819667	2565.7786396	2738.06335884333
"2/tr|D3UEZ6|D3UEZ6_YEAS8/tr|C8Z4V7|C8Z4V7_YEAS8"	"YEAST"	1108.0425335	938.0036262	1005.12277985	490.16647725	463.67775325	423.3907254
"3/sp|A6NIZ1|RP1BL_HUMAN/sp|P61224|RAP1B_HUMAN/sp|P62834|RAP1A_HUMAN"	"HUMAN"	637.059863566667	598.6131693	623.1915892	553.3644483	577.975249666667	534.409403966667
"3/sp|P00925|ENO2_YEAST/sp|P00924|ENO1_YEAST/tr|C8Z9E6|C8Z9E6_YEAS8"	"YEAST"	76102.6998656667	80810.4698853333	78424.4544506667	36974.011929	36211.3637666667	36858.4542436667
"3/sp|P13637|AT1A3_HUMAN/sp|P50993|AT1A2_HUMAN/sp|P05023|AT1A1_HUMAN"	"HUMAN"	808.517675566667	847.670715233333	871.147494866667	952.4954096	874.717693266667	843.2267676
"3/sp|Q15366|PCBP2_HUMAN/sp|P57721|PCBP3_HUMAN/sp|Q15365|PCBP1_HUMAN"	"HUMAN"	2678.15751143333	2564.13924523333	2635.8576055	2755.64122353333	2748.18085473333	2608.62076573333
"3/sp|Q6IS14|IF5AL_HUMAN/sp|Q9GZV4|IF5A2_HUMAN/sp|P63241|IF5A1_HUMAN"	"HUMAN"	2921.48732066667	3251.75311033333	3225.90937233333	3613.41139166667	3529.867972	3416.655004
"3/tr|C8ZCU8|C8ZCU8_YEAS8/tr|C8Z3R8|C8Z3R8_YEAS8/tr|C8Z3H3|C8Z3H3_YEAS8"	"YEAST"	7661.40587604	8317.04683773	7946.06425265	3790.23294853	3713.626492575	3583.80971919
"5/sp|P08238|HS90B_HUMAN/sp|P07900|HS90A_HUMAN/sp|Q58FG1|HS904_HUMAN/sp|Q14568|HS902_HUMAN/sp|Q58FF8|H90B2_HUMAN"	"HUMAN"	9210.3195474	9245.5589284	9155.60569965	9248.0693965	9199.12424875	9024.10979605
"9/sp|P57053|H2BFS_HUMAN/sp|Q5QNW6|H2B2F_HUMAN/sp|Q99877|H2B1N_HUMAN/sp|O60814|H2B1K_HUMAN/sp|Q99879|H2B1M_HUMAN/sp|Q99880|H2B1L_HUMAN/sp|Q93079|H2B1H_HUMAN/sp|P58876|H2B1D_HUMAN/sp|P62807|H2B1C_HUMAN"	"HUMAN"	48925.7581485	48552.957449	47920.7468335	52848.1708305	52226.45982	51972.6026665
