"id"	"species"	"A"	"B"
"1/sp|A6NL28|TPM3L_HUMAN"	"HUMAN"	0.0430268029181756	0.0739577875675834
"1/sp|O00303|EIF3F_HUMAN"	"HUMAN"	0.00826038214648389	0.0819902489338391
"1/sp|O00743|PPP6_HUMAN"	"HUMAN"	0.0181819829073805	0.0360420701212107
"1/sp|O14776|TCRG1_HUMAN"	"HUMAN"	0.10476618142344	0.0514939463444511
"1/sp|O15067|PUR4_HUMAN"	"HUMAN"	0.0652261151985065	0.00779910998303761
"1/sp|O43143|DHX15_HUMAN"	"HUMAN"	0.0533019795290963	0.0239422750546178
"1/sp|O43252|PAPS1_HUMAN"	"HUMAN"	0.0668104555742345	0.060352904612192
"1/sp|O43583|DENR_HUMAN"	"HUMAN"	NA	NA
"1/sp|O43615|TIM44_HUMAN"	"HUMAN"	0.0853763592586665	0.0387870331010739
"1/sp|O43681|ASNA_HUMAN"	"HUMAN"	0.17404197069062	0.0271368424115259
"1/sp|O43795|MYO1B_HUMAN"	"HUMAN"	NA	NA
"1/sp|O60749|SNX2_HUMAN"	"HUMAN"	0.0157977504115094	0.000833400338420205
"1/sp|O60832|DKC1_HUMAN"	"HUMAN"	0.0757704515672567	0.0518413020849325
"1/sp|O60888|CUTA_HUMAN"	"HUMAN"	0.0496855632018077	0.0872958366253749
"1/sp|O75027|ABCB7_HUMAN"	"HUMAN"	0.166161991850901	0.0771146977621747
"1/sp|O75352|MPU1_HUMAN"	"HUMAN"	0.0810550479488159	NA
"1/sp|O75475|PSIP1_HUMAN"	"HUMAN"	0.212999510229973	0.176460342190195
"1/sp|O75489|NDUS3_HUMAN"	"HUMAN"	0.0960588641038312	0.0878438132368118
"1/sp|O75494|SRS10_HUMAN"	"HUMAN"	0.0818111719721544	NA
"1/sp|O75643|U520_HUMAN"	"HUMAN"	0.0895138630676246	0.0445279265040287
"1/sp|O75964|ATP5L_HUMAN"	"HUMAN"	0.0907659726315881	0.0459922382381359
"1/sp|O94979|SC31A_HUMAN"	"HUMAN"	0.0288614612314157	0.0315698502498075
"1/sp|O95373|IPO7_HUMAN"	"HUMAN"	0.0714845294706773	0.0324262321490737
"1/sp|O95747|OXSR1_HUMAN"	"HUMAN"	0.145146466161403	0.0513885438084979
"1/sp|O95831|AIFM1_HUMAN"	"HUMAN"	0.0918525179331178	0.0549471200607426
"1/sp|P00491|PNPH_HUMAN"	"HUMAN"	0.0519990506365303	0.142574241019102
"1/sp|P04899|GNAI2_HUMAN"	"HUMAN"	0.0935753470403152	0.0483190946526879
"1/sp|P05023|AT1A1_HUMAN"	"HUMAN"	0.103470380243993	0.00628064538019248
"1/sp|P05556|ITB1_HUMAN"	"HUMAN"	0.0517372047988133	0.0252997963622275
"1/sp|P07437|TBB5_HUMAN"	"HUMAN"	0.0752987660025321	0.0554382011796505
"1/sp|P07602|SAP_HUMAN"	"HUMAN"	0.0606494090199469	0.02508410234935
"1/sp|P07737|PROF1_HUMAN"	"HUMAN"	0.0717667311531633	0.0481647099963805
"1/sp|P07910|HNRPC_HUMAN"	"HUMAN"	0.17850891488582	0.0246706327565777
"1/sp|P08754|GNAI3_HUMAN"	"HUMAN"	NA	NA
"1/sp|P11177|ODPB_HUMAN"	"HUMAN"	0.0495008504757336	0.0319098292763718
"1/sp|P11717|MPRI_HUMAN"	"HUMAN"	0.105255142417228	0.110064743511041
"1/sp|P12277|KCRB_HUMAN"	"HUMAN"	0.0559630441203851	0.0534770713428559
"1/sp|P12429|ANXA3_HUMAN"	"HUMAN"	0.0670239711935135	0.00699630225519161
"1/sp|P13797|PLST_HUMAN"	"HUMAN"	0.0842388808582292	0.0260561033071325
"1/sp|P13807|GYS1_HUMAN"	"HUMAN"	NA	0.203128307591477
"1/sp|P14625|ENPL_HUMAN"	"HUMAN"	0.314963517466378	0.292846598400048
"1/sp|P17987|TCPA_HUMAN"	"HUMAN"	0.0893905494652599	0.0418754478098327
"1/sp|P18077|RL35A_HUMAN"	"HUMAN"	0.106224543197311	0.0330271562366393
"1/sp|P20020|AT2B1_HUMAN"	"HUMAN"	0.092025533544377	0.00196982836553887
"1/sp|P20073|ANXA7_HUMAN"	"HUMAN"	0.0815565627188076	0.0883543230223172
"1/sp|P22314|UBA1_HUMAN"	"HUMAN"	0.0889883722155542	0.0369850016038697
"1/sp|P23193|TCEA1_HUMAN"	"HUMAN"	0.130487033905362	0.0266783286860286
"1/sp|P26196|DDX6_HUMAN"	"HUMAN"	0.0865290629777274	0.252314647600742
"1/sp|P26639|SYTC_HUMAN"	"HUMAN"	0.0599960935603181	0.0536581868960861
"1/sp|P28331|NDUS1_HUMAN"	"HUMAN"	0.185876763109247	0.0905903304573746
"1/sp|P29218|IMPA1_HUMAN"	"HUMAN"	0.109423132736442	0.0184386807347404
"1/sp|P30838|AL3A1_HUMAN"	"HUMAN"	0.059028288360561	0.0348246296416423
"1/sp|P31153|METK2_HUMAN"	"HUMAN"	0.198100685728924	0.0158219957704873
"1/sp|P31327|CPSM_HUMAN"	"HUMAN"	0.0809029181053943	0.0905612635086308
"1/sp|P33992|MCM5_HUMAN"	"HUMAN"	0.084416618743044	0.0426905291321047
"1/sp|P35270|SPRE_HUMAN"	"HUMAN"	0.0619865207955601	0.0849794230944275
"1/sp|P37840|SYUA_HUMAN"	"HUMAN"	0.0782973016120802	0.0262953662123296
"1/sp|P42345|MTOR_HUMAN"	"HUMAN"	NA	0.0186852327868965
"1/sp|P46459|NSF_HUMAN"	"HUMAN"	0.0625073279376104	0.0197783218030408
"1/sp|P46782|RS5_HUMAN"	"HUMAN"	0.0644275889649109	0.0503297148220858
"1/sp|P46926|GNPI1_HUMAN"	"HUMAN"	0.0643030983619707	0.0554886010807625
"1/sp|P47756|CAPZB_HUMAN"	"HUMAN"	0.0761304853694161	0.0385322452857358
"1/sp|P47897|SYQ_HUMAN"	"HUMAN"	0.0697724504487031	0.0254032999471172
"1/sp|P48444|COPD_HUMAN"	"HUMAN"	0.0906587825728916	0.0154476044068548
"1/sp|P49736|MCM2_HUMAN"	"HUMAN"	0.0591341703926316	0.0536542908275226
"1/sp|P50402|EMD_HUMAN"	"HUMAN"	0.0684190953101073	0.0233126808064492
"1/sp|P50570|DYN2_HUMAN"	"HUMAN"	NA	NA
"1/sp|P50991|TCPD_HUMAN"	"HUMAN"	0.0719499626701964	0.0313016965498025
"1/sp|P51148|RAB5C_HUMAN"	"HUMAN"	0.0473508112782054	0.0178289563689438
"1/sp|P51149|RAB7A_HUMAN"	"HUMAN"	0.0820147245284885	0.124090974241
"1/sp|P51665|PSMD7_HUMAN"	"HUMAN"	0.0500846333174044	0.243365565180847
"1/sp|P51970|NDUA8_HUMAN"	"HUMAN"	0.140792733220508	0.0875893811425037
"1/sp|P52597|HNRPF_HUMAN"	"HUMAN"	0.155216635674033	0.0779809202670552
"1/sp|P53597|SUCA_HUMAN"	"HUMAN"	0.221583551282401	0.279454801876626
"1/sp|P53618|COPB_HUMAN"	"HUMAN"	0.106784930778581	0.102583246560076
"1/sp|P54725|RD23A_HUMAN"	"HUMAN"	0.00320916109648094	NA
"1/sp|P55010|IF5_HUMAN"	"HUMAN"	0.0904787011129574	0.155868683800649
"1/sp|P60891|PRPS1_HUMAN"	"HUMAN"	0.0394896092864816	0.0132489581330767
"1/sp|P61586|RHOA_HUMAN"	"HUMAN"	0.0798019311586364	0.00962689161823124
"1/sp|P61970|NTF2_HUMAN"	"HUMAN"	NA	NA
"1/sp|P62304|RUXE_HUMAN"	"HUMAN"	0.108824627623889	0.0972127851959505
"1/sp|P62306|RUXF_HUMAN"	"HUMAN"	0.0464282901945965	0.0479775764006107
"1/sp|P62424|RL7A_HUMAN"	"HUMAN"	0.0768992916408919	0.0199904360930328
"1/sp|P62841|RS15_HUMAN"	"HUMAN"	0.207982517396332	0.169812048971084
"1/sp|P62906|RL10A_HUMAN"	"HUMAN"	0.0408874734913944	0.0285972204626299
"1/sp|P62910|RL32_HUMAN"	"HUMAN"	0.0562037577971902	0.01748045547577
"1/sp|P63208|SKP1_HUMAN"	"HUMAN"	0.0501518894916525	0.0267422420877786
"1/sp|P63220|RS21_HUMAN"	"HUMAN"	0.0517383170448763	0.00989490067904796
"1/sp|P68366|TBA4A_HUMAN"	"HUMAN"	0.112097213108072	0.053529338842143
"1/sp|P83731|RL24_HUMAN"	"HUMAN"	0.104003795674831	0.0332769252406245
"1/sp|Q00341|VIGLN_HUMAN"	"HUMAN"	0.0492609181815936	0.0428438359615495
"1/sp|Q00796|DHSO_HUMAN"	"HUMAN"	0.0666112023769647	0.0230755519140238
"1/sp|Q01469|FABP5_HUMAN"	"HUMAN"	0.0643236288625264	0.0462725598814247
"1/sp|Q03135|CAV1_HUMAN"	"HUMAN"	NA	NA
"1/sp|Q04941|PLP2_HUMAN"	"HUMAN"	0.033532598231443	0.0223366306592711
"1/sp|Q09666|AHNK_HUMAN"	"HUMAN"	0.0656924341959126	0.0719833340100003
"1/sp|Q10589|BST2_HUMAN"	"HUMAN"	0.018974786757173	0.0287368595341866
"1/sp|Q12788|TBL3_HUMAN"	"HUMAN"	0.0900331464333154	0.018319049660119
"1/sp|Q12797|ASPH_HUMAN"	"HUMAN"	0.0400943280059119	0.0539742644704748
"1/sp|Q12849|GRSF1_HUMAN"	"HUMAN"	0.0286527125475123	0.186458703198675
"1/sp|Q12874|SF3A3_HUMAN"	"HUMAN"	0.109968435203669	0.0278472153783828
"1/sp|Q13098|CSN1_HUMAN"	"HUMAN"	0.141938746058458	0.0400175822980191
"1/sp|Q13162|PRDX4_HUMAN"	"HUMAN"	0.109385254679552	0.0167294696036496
"1/sp|Q13283|G3BP1_HUMAN"	"HUMAN"	0.108099340361901	0.0914324802878086
"1/sp|Q13310|PABP4_HUMAN"	"HUMAN"	0.0598963901135496	0.0276141922831586
"1/sp|Q13547|HDAC1_HUMAN"	"HUMAN"	0.0397768932093174	0.0140313999942675
"1/sp|Q13619|CUL4A_HUMAN"	"HUMAN"	0.107075472090784	0.0135016219844289
"1/sp|Q13868|EXOS2_HUMAN"	"HUMAN"	0.105220995938513	0.112263709848703
"1/sp|Q14126|DSG2_HUMAN"	"HUMAN"	0.0716739935143357	0.0710212492662876
"1/sp|Q14376|GALE_HUMAN"	"HUMAN"	0.0470401310843778	0.31090449460588
"1/sp|Q15126|PMVK_HUMAN"	"HUMAN"	0.0749683108519025	0.0758000826409337
"1/sp|Q15404|RSU1_HUMAN"	"HUMAN"	0.201776409477153	NA
"1/sp|Q16543|CDC37_HUMAN"	"HUMAN"	0.056664631005064	0.0232197020554676
"1/sp|Q16822|PCKGM_HUMAN"	"HUMAN"	0.194564206554973	0.0458575940411605
"1/sp|Q16836|HCDH_HUMAN"	"HUMAN"	0.0793756762281008	0.0561818430054663
"1/sp|Q16851|UGPA_HUMAN"	"HUMAN"	0.182925429840741	0.105760617213576
"1/sp|Q29RF7|PDS5A_HUMAN"	"HUMAN"	0.158500202408392	0.0736652761632504
"1/sp|Q6ZRP7|QSOX2_HUMAN"	"HUMAN"	0.1103139413942	0.138564133496752
"1/sp|Q7L2H7|EIF3M_HUMAN"	"HUMAN"	0.0205932494273079	0.0616386182520475
"1/sp|Q7Z2K6|ERMP1_HUMAN"	"HUMAN"	0.0680913119561158	0.0663603565252699
"1/sp|Q7Z6Z7|HUWE1_HUMAN"	"HUMAN"	0.0673357568304126	0.0535324117243685
"1/sp|Q8NCA5|FA98A_HUMAN"	"HUMAN"	NA	NA
"1/sp|Q8NFH4|NUP37_HUMAN"	"HUMAN"	NA	0.0728519533809437
"1/sp|Q8TDN6|BRX1_HUMAN"	"HUMAN"	0.0568488687329911	0.0445481498150919
"1/sp|Q8WW12|PCNP_HUMAN"	"HUMAN"	0.0695452310828816	0.035843511863119
"1/sp|Q8WX93|PALLD_HUMAN"	"HUMAN"	0.014899007313584	0.0504634427811943
"1/sp|Q92598|HS105_HUMAN"	"HUMAN"	0.0596350764236783	0.0747407739993954
"1/sp|Q92688|AN32B_HUMAN"	"HUMAN"	0.0586450956020519	0.0364782697865974
"1/sp|Q92882|OSTF1_HUMAN"	"HUMAN"	NA	NA
"1/sp|Q92890|UFD1_HUMAN"	"HUMAN"	0.105543031735922	0.088622425476889
"1/sp|Q96C86|DCPS_HUMAN"	"HUMAN"	NA	0.085138686454842
"1/sp|Q96CW1|AP2M1_HUMAN"	"HUMAN"	0.0455551354148576	0.0614711583912832
"1/sp|Q96HE7|ERO1A_HUMAN"	"HUMAN"	0.0557099711988864	0.0340910481802914
"1/sp|Q96JJ7|TMX3_HUMAN"	"HUMAN"	0.0161049095086865	0.112973937642509
"1/sp|Q99436|PSB7_HUMAN"	"HUMAN"	0.0507096822991205	0.0581778254353137
"1/sp|Q99471|PFD5_HUMAN"	"HUMAN"	0.0746339992205882	0.0221468913183272
"1/sp|Q99567|NUP88_HUMAN"	"HUMAN"	0.256088769501424	0.0295015274274802
"1/sp|Q99598|TSNAX_HUMAN"	"HUMAN"	0.334850894199162	NA
"1/sp|Q99848|EBP2_HUMAN"	"HUMAN"	0.0705324338450747	0.0458511470691807
"1/sp|Q9BPW8|NIPS1_HUMAN"	"HUMAN"	0.228576944630036	0.0554383348583714
"1/sp|Q9BQ67|GRWD1_HUMAN"	"HUMAN"	0.0547165336777096	0.045908159333506
"1/sp|Q9BQG0|MBB1A_HUMAN"	"HUMAN"	0.0281947928597338	0.0538315751820337
"1/sp|Q9BR76|COR1B_HUMAN"	"HUMAN"	0.155065328649141	0.104529154909029
"1/sp|Q9BRA2|TXD17_HUMAN"	"HUMAN"	0.355279149645571	0.225366987873092
"1/sp|Q9BVC6|TM109_HUMAN"	"HUMAN"	NA	0.0237945495357997
"1/sp|Q9BXJ9|NAA15_HUMAN"	"HUMAN"	0.3015132139807	0.0100801390184362
"1/sp|Q9BYD3|RM04_HUMAN"	"HUMAN"	0.0802109741138651	NA
"1/sp|Q9BZE1|RM37_HUMAN"	"HUMAN"	0.298644433392944	0.116331146817218
"1/sp|Q9HD33|RM47_HUMAN"	"HUMAN"	NA	0.0228354007738876
"1/sp|Q9NRX4|PHP14_HUMAN"	"HUMAN"	0.247453326722623	0.186274656836559
"1/sp|Q9NTK5|OLA1_HUMAN"	"HUMAN"	0.0593047460553402	0.0243495900927964
"1/sp|Q9NTM9|CUTC_HUMAN"	"HUMAN"	0.098732756730458	0.0231220953487774
"1/sp|Q9NTZ6|RBM12_HUMAN"	"HUMAN"	0.0298062381788784	0.0274827663421614
"1/sp|Q9NZT2|OGFR_HUMAN"	"HUMAN"	0.0571412549257386	0.0375902666054628
"1/sp|Q9UBI6|GBG12_HUMAN"	"HUMAN"	0.063018584128666	0.0995340540287647
"1/sp|Q9UBM7|DHCR7_HUMAN"	"HUMAN"	0.0130652811435273	0.0257607530566265
"1/sp|Q9UBX3|DIC_HUMAN"	"HUMAN"	0.0678183484319987	0.0561029435114714
"1/sp|Q9UI30|TR112_HUMAN"	"HUMAN"	0.0490084543459492	0.0274166659453697
"1/sp|Q9UKD2|MRT4_HUMAN"	"HUMAN"	0.0842572952926479	0.1988322070191
"1/sp|Q9UKS6|PACN3_HUMAN"	"HUMAN"	0.0574945976139816	0.0128514447300223
"1/sp|Q9Y230|RUVB2_HUMAN"	"HUMAN"	0.0741124965884254	0.046134335675914
"1/sp|Q9Y262|EIF3L_HUMAN"	"HUMAN"	0.0657862007827535	0.069433543392108
"1/sp|Q9Y266|NUDC_HUMAN"	"HUMAN"	0.0543849869084825	0.0286710371903164
"1/sp|Q9Y2S7|PDIP2_HUMAN"	"HUMAN"	0.00480133716330818	0.0371040175838052
"1/sp|Q9Y2X3|NOP58_HUMAN"	"HUMAN"	0.0824961352587537	0.0541633686805835
"1/sp|Q9Y3U8|RL36_HUMAN"	"HUMAN"	0.0483233729660701	0.00523154678734231
"1/sp|Q9Y617|SERC_HUMAN"	"HUMAN"	0.069980071049527	0.0192948350061447
"2/sp|P05388|RLA0_HUMAN/sp|Q8NHW5|RLA0L_HUMAN"	"HUMAN"	0.071270447856342	0.0469876755800451
"2/sp|P31153|METK2_HUMAN/sp|Q00266|METK1_HUMAN"	"HUMAN"	NA	0.0471493009450627
"2/sp|P46439|GSTM5_HUMAN/sp|P09488|GSTM1_HUMAN"	"HUMAN"	NA	0.074667779216307
"2/sp|P47985|UCRI_HUMAN/sp|P0C7P4|UCRIL_HUMAN"	"HUMAN"	0.0908649184442429	0.035282757241371
"2/sp|P49448|DHE4_HUMAN/sp|P00367|DHE3_HUMAN"	"HUMAN"	0.204916359682445	0.0533880309826846
"2/sp|P54727|RD23B_HUMAN/sp|P54725|RD23A_HUMAN"	"HUMAN"	0.0458446100751159	0.0214096827712374
"2/sp|P62714|PP2AB_HUMAN/sp|P67775|PP2AA_HUMAN"	"HUMAN"	0.0663132434694101	0.030187014666116
"2/sp|P62879|GBB2_HUMAN/sp|P62873|GBB1_HUMAN"	"HUMAN"	NA	0.00598424101401161
"2/sp|P67936|TPM4_HUMAN/sp|P07951|TPM2_HUMAN"	"HUMAN"	0.0974616742332809	0.0321948012419743
"2/sp|Q15560|TCEA2_HUMAN/sp|P23193|TCEA1_HUMAN"	"HUMAN"	0.0538991348287536	0.0150351322833586
"2/sp|Q8IYD1|ERF3B_HUMAN/sp|P15170|ERF3A_HUMAN"	"HUMAN"	0.0653492653776216	0.222740510658991
"2/sp|Q9UHD9|UBQL2_HUMAN/sp|Q9UMX0|UBQL1_HUMAN"	"HUMAN"	0.0461597303047924	0.0522707198112133
"2/sp|Q9ULD0|OGDHL_HUMAN/sp|Q02218|ODO1_HUMAN"	"HUMAN"	0.0586102253480053	0.0286962818310871
"3/sp|P24844|MYL9_HUMAN/sp|O14950|ML12B_HUMAN/sp|P19105|ML12A_HUMAN"	"HUMAN"	0.0461393754198689	0.0305599810716636
"3/sp|P35241|RADI_HUMAN/sp|P26038|MOES_HUMAN/sp|P15311|EZRI_HUMAN"	"HUMAN"	0.221845341446517	0.125573757570142
"3/sp|P68371|TBB4B_HUMAN/sp|Q9BVA1|TBB2B_HUMAN/sp|Q13885|TBB2A_HUMAN"	"HUMAN"	0.0793305890879381	0.0848350709903651
"3/sp|Q8TDI0|CHD5_HUMAN/sp|Q14839|CHD4_HUMAN/sp|Q12873|CHD3_HUMAN"	"HUMAN"	0.150155551514711	0.0287899009653388
"4/sp|O43707|ACTN4_HUMAN/sp|Q08043|ACTN3_HUMAN/sp|P35609|ACTN2_HUMAN/sp|P12814|ACTN1_HUMAN"	"HUMAN"	0.0889776984864448	0.0574415155609661
"7/sp|P0CG39|POTEJ_HUMAN/sp|P0CG38|POTEI_HUMAN/sp|A5A3E0|POTEF_HUMAN/sp|Q6S8J3|POTEE_HUMAN/sp|P63261|ACTG_HUMAN/sp|P60709|ACTB_HUMAN/sp|Q9BYX7|ACTBM_HUMAN"	"HUMAN"	0.0680085465956007	0.0389312941596296
"9/sp|Q3ZCM7|TBB8_HUMAN/sp|A6NNZ2|TBB8L_HUMAN/sp|Q9BUF5|TBB6_HUMAN/sp|P07437|TBB5_HUMAN/sp|P68371|TBB4B_HUMAN/sp|P04350|TBB4A_HUMAN/sp|Q13509|TBB3_HUMAN/sp|Q9BVA1|TBB2B_HUMAN/sp|Q13885|TBB2A_HUMAN"	"HUMAN"	0.249688879885558	0.255437966418191
"1/sp|C8ZDR4|HRI1_YEAS8"	"YEAST"	0.067878017752339	0.378119365324777
"1/tr|C8Z3I1|C8Z3I1_YEAS8"	"YEAST"	0.122431920345862	0.0186533411048628
"1/tr|C8Z3L4|C8Z3L4_YEAS8"	"YEAST"	0.094045908644815	0.141292270290499
"1/tr|C8Z3M9|C8Z3M9_YEAS8"	"YEAST"	0.0765661637771146	0.0455244442326832
"1/tr|C8Z3Q6|C8Z3Q6_YEAS8"	"YEAST"	0.0388354000751512	NA
"1/tr|C8Z3Z0|C8Z3Z0_YEAS8"	"YEAST"	NA	NA
"1/tr|C8Z402|C8Z402_YEAS8"	"YEAST"	NA	NA
"1/tr|C8Z409|C8Z409_YEAS8"	"YEAST"	0.00207776522031	NA
"1/tr|C8Z419|C8Z419_YEAS8"	"YEAST"	0.0837315555483172	0.0161439318609788
"1/tr|C8Z423|C8Z423_YEAS8"	"YEAST"	0.0515545428960349	NA
"1/tr|C8Z439|C8Z439_YEAS8"	"YEAST"	0.0509956258011786	0.0407654860214492
"1/tr|C8Z454|C8Z454_YEAS8"	"YEAST"	0.0663941485479662	0.0420640923316114
"1/tr|C8Z470|C8Z470_YEAS8"	"YEAST"	0.113092795948832	0.0195180472343369
"1/tr|C8Z4E5|C8Z4E5_YEAS8"	"YEAST"	0.0446779115696501	0.0295073255268844
"1/tr|C8Z4H1|C8Z4H1_YEAS8"	"YEAST"	0.111299157128697	0.0382140668758991
"1/tr|C8Z4U3|C8Z4U3_YEAS8"	"YEAST"	0.0883943764147072	0.0303747765621656
"1/tr|C8Z5E5|C8Z5E5_YEAS8"	"YEAST"	0.0512209360041153	0.0797856233736448
"1/tr|C8Z5L5|C8Z5L5_YEAS8"	"YEAST"	NA	NA
"1/tr|C8Z5U9|C8Z5U9_YEAS8"	"YEAST"	0.0732363266721664	0.0168673129372215
"1/tr|C8Z5Y0|C8Z5Y0_YEAS8"	"YEAST"	0.0417624090008058	0.0287404724028934
"1/tr|C8Z6D5|C8Z6D5_YEAS8"	"YEAST"	0.0757727822768653	0.0103473212922549
"1/tr|C8Z6F5|C8Z6F5_YEAS8"	"YEAST"	0.0671219198577903	0.217740363455139
"1/tr|C8Z6H1|C8Z6H1_YEAS8"	"YEAST"	0.0445343817692238	NA
"1/tr|C8Z6H9|C8Z6H9_YEAS8"	"YEAST"	0.105167595324424	0.0315810982412563
"1/tr|C8Z6K7|C8Z6K7_YEAS8"	"YEAST"	0.193617280724856	0.0965229225385442
"1/tr|C8Z6Q4|C8Z6Q4_YEAS8"	"YEAST"	NA	NA
"1/tr|C8Z6U2|C8Z6U2_YEAS8"	"YEAST"	0.138249139867264	0.0353002919342691
"1/tr|C8Z6U7|C8Z6U7_YEAS8"	"YEAST"	0.028651668863573	0.00355630659082599
"1/tr|C8Z6X1|C8Z6X1_YEAS8"	"YEAST"	0.0497656933680913	0.191347447580193
"1/tr|C8Z7A8|C8Z7A8_YEAS8"	"YEAST"	0.106606224380927	0.0268424478733532
"1/tr|C8Z7B3|C8Z7B3_YEAS8"	"YEAST"	0.0996416271383854	NA
"1/tr|C8Z7T9|C8Z7T9_YEAS8"	"YEAST"	0.0785716216847676	0.00272868378718755
"1/tr|C8Z7V9|C8Z7V9_YEAS8"	"YEAST"	0.065767912164223	0.0632367101935628
"1/tr|C8Z7X9|C8Z7X9_YEAS8"	"YEAST"	0.116318951736554	0.0337890960849811
"1/tr|C8Z7Y7|C8Z7Y7_YEAS8"	"YEAST"	0.0422162101327684	0.385588447054337
"1/tr|C8Z865|C8Z865_YEAS8"	"YEAST"	0.0457416665569398	0.108112818489851
"1/tr|C8Z8A2|C8Z8A2_YEAS8"	"YEAST"	0.0475748477795427	0.121444601477366
"1/tr|C8Z8E8|C8Z8E8_YEAS8"	"YEAST"	0.23620424816096	0.360168509509238
"1/tr|C8Z8F1|C8Z8F1_YEAS8"	"YEAST"	0.148771272195799	NA
"1/tr|C8Z8S7|C8Z8S7_YEAS8"	"YEAST"	0.52962255415152	NA
"1/tr|C8Z8T3|C8Z8T3_YEAS8"	"YEAST"	0.0957042587961145	0.0628290726691848
"1/tr|C8Z9Q4|C8Z9Q4_YEAS8"	"YEAST"	NA	NA
"1/tr|C8Z9Q6|C8Z9Q6_YEAS8"	"YEAST"	0.294693437630664	NA
"1/tr|C8Z9X5|C8Z9X5_YEAS8"	"YEAST"	0.0257341718031528	0.0265679016438297
"1/tr|C8ZA01|C8ZA01_YEAS8"	"YEAST"	0.0754218557804374	0.124345801150528
"1/tr|C8ZA32|C8ZA32_YEAS8"	"YEAST"	0.267144479817872	NA
"1/tr|C8ZAC8|C8ZAC8_YEAS8"	"YEAST"	0.098781149077541	0.0419591278028439
"1/tr|C8ZAD7|C8ZAD7_YEAS8"	"YEAST"	0.00455355727387715	NA
"1/tr|C8ZAT7|C8ZAT7_YEAS8"	"YEAST"	0.200958457253837	NA
"1/tr|C8ZB41|C8ZB41_YEAS8"	"YEAST"	NA	NA
"1/tr|C8ZBE5|C8ZBE5_YEAS8"	"YEAST"	0.11828058097367	NA
"1/tr|C8ZBM2|C8ZBM2_YEAS8"	"YEAST"	NA	NA
"1/tr|C8ZBQ7|C8ZBQ7_YEAS8"	"YEAST"	0.0859246943804087	0.836095794917099
"1/tr|C8ZBS1|C8ZBS1_YEAS8"	"YEAST"	0.194634756853219	0.0983091522338268
"1/tr|C8ZBT6|C8ZBT6_YEAS8"	"YEAST"	0.0911085351580051	NA
"1/tr|C8ZC29|C8ZC29_YEAS8"	"YEAST"	0.068141457718102	0.0642224576430896
"1/tr|C8ZC71|C8ZC71_YEAS8"	"YEAST"	0.0806793039190497	0.112873967868376
"1/tr|C8ZC79|C8ZC79_YEAS8"	"YEAST"	0.00658169046580753	0.0743046808057475
"1/tr|C8ZCK0|C8ZCK0_YEAS8"	"YEAST"	0.0213658715037508	NA
"1/tr|C8ZCS7|C8ZCS7_YEAS8"	"YEAST"	0.0349604542999104	0.547187534266532
"1/tr|C8ZCZ9|C8ZCZ9_YEAS8"	"YEAST"	0.0461555659567847	0.077417728885187
"1/tr|C8ZDA3|C8ZDA3_YEAS8"	"YEAST"	0.154912255965783	NA
"1/tr|C8ZDH0|C8ZDH0_YEAS8"	"YEAST"	NA	NA
"1/tr|C8ZDJ5|C8ZDJ5_YEAS8"	"YEAST"	0.0843733330526889	NA
"1/tr|C8ZDZ8|C8ZDZ8_YEAS8"	"YEAST"	NA	NA
"1/tr|C8ZED0|C8ZED0_YEAS8"	"YEAST"	0.254109397276738	NA
"1/tr|C8ZEH6|C8ZEH6_YEAS8"	"YEAST"	0.0437215342592906	0.0458723244884701
"1/tr|C8ZEK3|C8ZEK3_YEAS8"	"YEAST"	0.0936453124829827	0.00719716512188236
"1/tr|C8ZEL8|C8ZEL8_YEAS8"	"YEAST"	0.108326415034105	0.118465744307837
"1/tr|C8ZEN4|C8ZEN4_YEAS8"	"YEAST"	0.154861246206441	0.0884054587471553
"1/tr|C8ZF34|C8ZF34_YEAS8"	"YEAST"	0.0117342448465172	NA
"1/tr|C8ZF37|C8ZF37_YEAS8"	"YEAST"	NA	NA
"1/tr|C8ZF53|C8ZF53_YEAS8"	"YEAST"	NA	NA
"1/tr|C8ZF93|C8ZF93_YEAS8"	"YEAST"	0.199727384343214	0.095743308757061
"1/tr|C8ZFA6|C8ZFA6_YEAS8"	"YEAST"	0.0558528232592376	0.0577670025288273
"1/tr|C8ZFH0|C8ZFH0_YEAS8"	"YEAST"	0.0648377643758575	NA
"1/tr|C8ZFR6|C8ZFR6_YEAS8"	"YEAST"	0.117058868613539	NA
"1/tr|C8ZFY2|C8ZFY2_YEAS8"	"YEAST"	0.155246181239217	0.0965055645609942
"1/tr|C8ZG03|C8ZG03_YEAS8"	"YEAST"	0.0108335167736547	NA
"1/tr|C8ZG95|C8ZG95_YEAS8"	"YEAST"	0.0420692400781515	0.0250745979825636
"1/tr|C8ZG98|C8ZG98_YEAS8"	"YEAST"	0.0983167784315487	0.103570005550052
"1/tr|C8ZGG1|C8ZGG1_YEAS8"	"YEAST"	0.0710191260371894	0.0212955965184721
"1/tr|C8ZGL6|C8ZGL6_YEAS8"	"YEAST"	0.00534657142604507	0.0161006312276223
"1/tr|C8ZGW5|C8ZGW5_YEAS8"	"YEAST"	0.0555590706547342	0.0185208805717688
"1/tr|C8ZGX6|C8ZGX6_YEAS8"	"YEAST"	0.0904267554091374	NA
"1/tr|C8ZHE7|C8ZHE7_YEAS8"	"YEAST"	0.15707117617574	NA
"1/tr|C8ZHH4|C8ZHH4_YEAS8"	"YEAST"	0.149159337547079	0.0377495096352847
"1/tr|C8ZHK4|C8ZHK4_YEAS8"	"YEAST"	0.140807890811088	NA
"1/tr|C8ZHT4|C8ZHT4_YEAS8"	"YEAST"	0.163598274537919	0.030550639381031
"1/tr|C8ZI04|C8ZI04_YEAS8"	"YEAST"	0.114061224794917	0.0398538748718398
"1/tr|C8ZI60|C8ZI60_YEAS8"	"YEAST"	NA	NA
"1/tr|C8ZI78|C8ZI78_YEAS8"	"YEAST"	NA	NA
"1/tr|C8ZIA6|C8ZIA6_YEAS8"	"YEAST"	0.024050534570635	0.0366907782450805
"1/tr|C8ZII8|C8ZII8_YEAS8"	"YEAST"	0.0972387048959286	NA
"1/tr|C8ZIN4|C8ZIN4_YEAS8"	"YEAST"	0.0677311725737425	0.148938050911731
"1/tr|C8ZIS4|C8ZIS4_YEAS8"	"YEAST"	0.0742941373776455	0.0196686183497981
"1/tr|C8ZIU6|C8ZIU6_YEAS8"	"YEAST"	NA	NA
"1/tr|C8ZJ57|C8ZJ57_YEAS8"	"YEAST"	0.0404786007804857	0.182488782976963
"1/tr|C8ZJM0|C8ZJM0_YEAS8"	"YEAST"	0.0692533746439408	0.0206393930777431
"1/tr|D3UEI2|D3UEI2_YEAS8"	"YEAST"	NA	NA
"1/tr|D3UEK2|D3UEK2_YEAS8"	"YEAST"	0.10378775331881	0.108441188193547
"1/tr|D3UEK4|D3UEK4_YEAS8"	"YEAST"	0.14787097154269	0.0250080132136253
"1/tr|D3UEL8|D3UEL8_YEAS8"	"YEAST"	0.0583339795387212	0.0254164335224284
"1/tr|D3UES2|D3UES2_YEAS8"	"YEAST"	0.994238693040095	NA
"1/tr|D3UET6|D3UET6_YEAS8"	"YEAST"	0.025249049512379	NA
"1/tr|D3UEY2|D3UEY2_YEAS8"	"YEAST"	0.132177153805297	0.16641998755468
"1/tr|D3UF49|D3UF49_YEAS8"	"YEAST"	0.0486929999763266	0.0750606984392575
"1/tr|D3UF52|D3UF52_YEAS8"	"YEAST"	NA	NA
"2/tr|C8Z4T0|C8Z4T0_YEAS8/tr|C8ZFU7|C8ZFU7_YEAS8"	"YEAST"	0.0889893813389514	NA
"2/tr|C8Z6H2|C8Z6H2_YEAS8/tr|C8Z6C2|C8Z6C2_YEAS8"	"YEAST"	0.053976730632151	0.0581715584134346
"2/tr|C8ZCU8|C8ZCU8_YEAS8/tr|C8Z3H3|C8Z3H3_YEAS8"	"YEAST"	0.0331360883608578	0.0269867100277342
"2/tr|C8ZD20|C8ZD20_YEAS8/tr|C8Z9A6|C8Z9A6_YEAS8"	"YEAST"	0.0620809916343957	0.0111840547257666
"2/tr|C8ZEE2|C8ZEE2_YEAS8/tr|C8ZE49|C8ZE49_YEAS8"	"YEAST"	0.0259185360908642	0.114632266961623
"2/tr|C8ZEV7|C8ZEV7_YEAS8/tr|C8ZC48|C8ZC48_YEAS8"	"YEAST"	0.0255529221930126	0.048395372184392
"2/tr|C8ZGH9|C8ZGH9_YEAS8/tr|C8ZAD6|C8ZAD6_YEAS8"	"YEAST"	NA	NA
"2/tr|C8ZIZ3|C8ZIZ3_YEAS8/tr|C8Z8N5|C8Z8N5_YEAS8"	"YEAST"	0.0800878358619411	0.112231703498609
"2/tr|D3UEZ6|D3UEZ6_YEAS8/tr|C8Z4V7|C8Z4V7_YEAS8"	"YEAST"	0.112185559059872	0.136556223555561
"3/sp|P00330|ADH1_YEAST/tr|C8ZFH1|C8ZFH1_YEAS8/tr|C8ZHN0|C8ZHN0_YEAS8"	"YEAST"	0.0704566104141494	0.0175115903886972
"3/tr|C8Z570|C8Z570_YEAS8/tr|C8Z5L5|C8Z5L5_YEAS8/tr|C8ZEC7|C8ZEC7_YEAS8"	"YEAST"	NA	NA
"3/tr|C8Z985|C8Z985_YEAS8/tr|C8ZBG4|C8ZBG4_YEAS8/tr|C8ZBG2|C8ZBG2_YEAS8"	"YEAST"	0.114441060141003	0.0102503225458912
"4/tr|C8Z5H4|C8Z5H4_YEAS8/tr|C8Z494|C8Z494_YEAS8/tr|C8Z9Y3|C8Z9Y3_YEAS8/tr|C8Z493|C8Z493_YEAS8"	"YEAST"	0.0321353644779061	0.0194830692108885
"1/sp|P00452|RIR1_ECOLI"	"ECOLI"	0.405687322311083	0.0681313462821026
"1/sp|P00547|KHSE_ECOLI"	"ECOLI"	NA	0.0829703780147929
"1/sp|P05020|PYRC_ECOLI"	"ECOLI"	NA	0.0641685104711231
"1/sp|P05791|ILVD_ECOLI"	"ECOLI"	NA	0.574826976159683
"1/sp|P06612|TOP1_ECOLI"	"ECOLI"	NA	0.238524481322746
"1/sp|P06720|AGAL_ECOLI"	"ECOLI"	0.0834229817767786	0.297371932005955
"1/sp|P06987|HIS7_ECOLI"	"ECOLI"	NA	0.175407848951791
"1/sp|P07001|PNTA_ECOLI"	"ECOLI"	NA	0.0698853857923895
"1/sp|P09394|GLPQ_ECOLI"	"ECOLI"	NA	0.083546234976244
"1/sp|P0A705|IF2_ECOLI"	"ECOLI"	0.045838843391932	0.046071343006539
"1/sp|P0A734|MINE_ECOLI"	"ECOLI"	0.512619878052606	0.237644989209091
"1/sp|P0A761|NANE_ECOLI"	"ECOLI"	NA	0.0846643238882223
"1/sp|P0A7E9|PYRH_ECOLI"	"ECOLI"	0.125679420339449	0.0676879673754688
"1/sp|P0A7K6|RL19_ECOLI"	"ECOLI"	0.0272345506337125	0.026585016510102
"1/sp|P0A7Z0|RPIA_ECOLI"	"ECOLI"	0.1994539594514	0.036391859610626
"1/sp|P0A855|TOLB_ECOLI"	"ECOLI"	0.0969570193297628	0.0239078804994751
"1/sp|P0A887|UBIE_ECOLI"	"ECOLI"	0.0033844777569859	0.04853664570407
"1/sp|P0A8D0|NRDR_ECOLI"	"ECOLI"	NA	0.341741317816885
"1/sp|P0A8I5|TRMB_ECOLI"	"ECOLI"	NA	0.10705869433272
"1/sp|P0A8T1|PRMA_ECOLI"	"ECOLI"	NA	0.0147034969902737
"1/sp|P0A8Y5|YIDA_ECOLI"	"ECOLI"	NA	0.213567453727903
"1/sp|P0A9A6|FTSZ_ECOLI"	"ECOLI"	0.0586834368124471	0.0173960725761514
"1/sp|P0A9B2|G3P1_ECOLI"	"ECOLI"	0.072958297204411	0.0252017106868389
"1/sp|P0A9C5|GLNA_ECOLI"	"ECOLI"	0.105408391992245	0.075066847181685
"1/sp|P0A9D4|CYSE_ECOLI"	"ECOLI"	NA	0.094627343306976
"1/sp|P0A9G6|ACEA_ECOLI"	"ECOLI"	0.0380646100819092	0.0381557739535607
"1/sp|P0A9S1|FUCO_ECOLI"	"ECOLI"	NA	0.203030774213617
"1/sp|P0A9Y6|CSPC_ECOLI"	"ECOLI"	0.0697099664085952	0.171590661502713
"1/sp|P0AA43|RSUA_ECOLI"	"ECOLI"	NA	0.102186718421682
"1/sp|P0AAJ5|FDOH_ECOLI"	"ECOLI"	0.0102758190481043	0.0357235446650159
"1/sp|P0AB38|LPOB_ECOLI"	"ECOLI"	0.102214889919461	0.0703669465279071
"1/sp|P0ABB4|ATPB_ECOLI"	"ECOLI"	0.101239670540062	0.0273437309324468
"1/sp|P0ABH7|CISY_ECOLI"	"ECOLI"	0.0827668970932503	0.0179792999541215
"1/sp|P0ACA7|GSTB_ECOLI"	"ECOLI"	NA	0.0233300152337588
"1/sp|P0ACF8|HNS_ECOLI"	"ECOLI"	0.0534063002015608	0.0322269132827616
"1/sp|P0ACG1|STPA_ECOLI"	"ECOLI"	NA	0.0859346470496018
"1/sp|P0ACQ4|OXYR_ECOLI"	"ECOLI"	NA	NA
"1/sp|P0ACY3|YEAG_ECOLI"	"ECOLI"	0.0464556922668885	0.0780676130982263
"1/sp|P0AD61|KPYK1_ECOLI"	"ECOLI"	0.0559892165394911	0.0480096565877944
"1/sp|P0ADN2|YIFE_ECOLI"	"ECOLI"	NA	0.079912497434518
"1/sp|P0ADV1|LPTA_ECOLI"	"ECOLI"	NA	NA
"1/sp|P0ADZ0|RL23_ECOLI"	"ECOLI"	NA	0.119130781957784
"1/sp|P0AE22|APHA_ECOLI"	"ECOLI"	NA	0.0294888039149034
"1/sp|P0AEZ3|MIND_ECOLI"	"ECOLI"	0.120620390828947	0.0382487244923864
"1/sp|P0AF98|LPTF_ECOLI"	"ECOLI"	NA	0.420081394471986
"1/sp|P0AFC3|NUOA_ECOLI"	"ECOLI"	NA	0.0749177738923968
"1/sp|P0AFU8|RISA_ECOLI"	"ECOLI"	0.242262885120148	0.129517335293917
"1/sp|P0AFY8|SEQA_ECOLI"	"ECOLI"	NA	0.132261699039209
"1/sp|P0AG07|RPE_ECOLI"	"ECOLI"	NA	0.266154746591593
"1/sp|P0AG82|PSTS_ECOLI"	"ECOLI"	NA	0.10829471071035
"1/sp|P0C018|RL18_ECOLI"	"ECOLI"	0.187877835071176	0.0128946383443527
"1/sp|P13029|KATG_ECOLI"	"ECOLI"	0.0784676553600359	0.0307674323441705
"1/sp|P17445|BETB_ECOLI"	"ECOLI"	NA	0.10013177120248
"1/sp|P17952|MURC_ECOLI"	"ECOLI"	NA	0.0315160261892083
"1/sp|P18843|NADE_ECOLI"	"ECOLI"	0.470367793273274	0.0594061505446009
"1/sp|P24255|RP54_ECOLI"	"ECOLI"	NA	NA
"1/sp|P25738|MSYB_ECOLI"	"ECOLI"	NA	0.0494293937225103
"1/sp|P25745|MNMA_ECOLI"	"ECOLI"	NA	NA
"1/sp|P25894|LOIP_ECOLI"	"ECOLI"	NA	0.321660379192488
"1/sp|P28861|FENR_ECOLI"	"ECOLI"	NA	0.131057134776984
"1/sp|P29217|YCEH_ECOLI"	"ECOLI"	NA	0.0178171988820862
"1/sp|P30011|NADC_ECOLI"	"ECOLI"	NA	0.0920251590833966
"1/sp|P30139|THIG_ECOLI"	"ECOLI"	NA	0.286026936203187
"1/sp|P30863|DKGB_ECOLI"	"ECOLI"	NA	0.0964434831955173
"1/sp|P30864|YAFC_ECOLI"	"ECOLI"	NA	NA
"1/sp|P33136|OPGG_ECOLI"	"ECOLI"	0.0936599164570747	0.0207434230384395
"1/sp|P33570|TKT2_ECOLI"	"ECOLI"	0.243943522564509	0.0166350185441468
"1/sp|P37637|MDTF_ECOLI"	"ECOLI"	0.321273470793229	0.0703452940525616
"1/sp|P37645|YHJG_ECOLI"	"ECOLI"	NA	0.0383231248402447
"1/sp|P37760|RMLD_ECOLI"	"ECOLI"	NA	0.193501115924991
"1/sp|P39173|YEAD_ECOLI"	"ECOLI"	0.0945157377823446	0.062905557250861
"1/sp|P39286|RSGA_ECOLI"	"ECOLI"	NA	0.142831801547295
"1/sp|P39342|YJGR_ECOLI"	"ECOLI"	NA	0.0554192072955921
"1/sp|P39406|RSMC_ECOLI"	"ECOLI"	NA	0.080824408992322
"1/sp|P42632|TDCE_ECOLI"	"ECOLI"	0.37411968267711	0.0967246271089342
"1/sp|P42641|OBG_ECOLI"	"ECOLI"	NA	0.155302115176602
"1/sp|P45523|FKBA_ECOLI"	"ECOLI"	0.251981668299325	0.049451295547416
"1/sp|P52007|YECM_ECOLI"	"ECOLI"	NA	0.0326567240925876
"1/sp|P61714|RISB_ECOLI"	"ECOLI"	0.0276604821644114	0.0801769972864274
"1/sp|P64429|YPFJ_ECOLI"	"ECOLI"	NA	0.0720460912144641
"1/sp|P66948|YFGC_ECOLI"	"ECOLI"	NA	0.0325544263163083
"1/sp|P69874|POTA_ECOLI"	"ECOLI"	NA	0.0775725031366788
"1/sp|P69910|DCEB_ECOLI"	"ECOLI"	0.0527621195750113	0.188514040318662
"1/sp|P75849|YCBL_ECOLI"	"ECOLI"	NA	0.0469296354261326
"1/sp|P75874|YCCU_ECOLI"	"ECOLI"	0.0250407807336806	0.0452737958018199
"1/sp|P76004|YCGM_ECOLI"	"ECOLI"	NA	0.0744464361478593
"1/sp|P76097|YDCJ_ECOLI"	"ECOLI"	NA	0.0372694860674409
"1/sp|P76113|CURA_ECOLI"	"ECOLI"	0.0544196382131781	0.0489308918455044
"1/sp|P76268|KDGR_ECOLI"	"ECOLI"	NA	0.102978342902199
"1/sp|P76316|DCYD_ECOLI"	"ECOLI"	NA	0.0555309742233137
"1/sp|P76417|YEGT_ECOLI"	"ECOLI"	NA	0.0661356257022103
"1/sp|P77522|SUFB_ECOLI"	"ECOLI"	NA	0.264381268181022
"1/sp|Q46814|XDHD_ECOLI"	"ECOLI"	NA	NA
"2/sp|P0CE48|EFTU2_ECOLI/sp|P0CE47|EFTU1_ECOLI"	"ECOLI"	0.0768853826142597	0.0641483388429984
